https://iprice.co.id/harga/jbl-go/	6573
https://iprice.co.id/harga/xiaomi-mifa-m1/	4777
https://iprice.co.id/harga/jbl-micro-wireless/	3264
https://iprice.co.id/harga/xiaomi-mifa-m1-hitam/	2794
https://iprice.co.id/harga/jbl-micro-wireless-hitam/	2520
https://iprice.co.id/harga/xiaomi-mi-band-3/	2099
https://iprice.co.id/harga/xiaomi-mi-power-bank/	1862
https://iprice.co.id/harga/jbl-go-hitam/	1856
https://iprice.co.id/harga/sandisk-microsd/	1747
https://iprice.co.id/harga/corsair-mm200/	1693
https://iprice.co.id/harga/awei-a920bl/	1654
https://iprice.co.id/harga/xiaomi-mi-band-3-hitam/	1348
https://iprice.co.id/harga/eken-h9r/	1341
https://iprice.co.id/harga/apple-iphone-6/	1196
https://iprice.co.id/harga/spigen-neo-hybrid/	1126
https://iprice.co.id/harga/nyx-soft-matte-lip-cream/	1054
https://iprice.co.id/harga/sandisk-cruzer-blade/	1020
https://iprice.co.id/harga/sony-srs-xb10/	956
https://iprice.co.id/harga/remax-rb-t9/	934
https://iprice.co.id/harga/skmei-1227/	927
https://iprice.co.id/harga/apple-iphone-7/	913
https://iprice.co.id/harga/oppo-a3s/	878
https://iprice.co.id/harga/oxone-ox-961/	849
https://iprice.co.id/harga/apple-iphone-7-plus/	844
https://iprice.co.id/harga/wardah-lipstick-exclusive-38g/	831
https://iprice.co.id/harga/brica-b-pro5-alpha-edition/	830
https://iprice.co.id/harga/samsung-galaxy-j2-prime/	791
https://iprice.co.id/harga/jbl-clip-2/	785
https://iprice.co.id/harga/xiaomi-mi-power-bank-10000mah/	771
https://iprice.co.id/harga/jbl-go-biru/	766
https://iprice.co.id/harga/awei-a885bl/	762
https://iprice.co.id/harga/sony-playstation-4/	750
https://iprice.co.id/harga/wardah-exclusive-two-way-cake/	746
https://iprice.co.id/harga/vivo-v9/	740
https://iprice.co.id/harga/logitech-z120/	734
https://iprice.co.id/harga/sandisk-ultra/	727
https://iprice.co.id/harga/apple-iphone-6s/	712
https://iprice.co.id/harga/toshiba-adaptor-charger/	703
https://iprice.co.id/harga/miyako-hm-620/	702
https://iprice.co.id/harga/xiaomi-redmi-note-5/	686
https://iprice.co.id/harga/jbl-go-teal/	679
https://iprice.co.id/harga/yongnuo-yn-560-iv/	675
https://iprice.co.id/harga/oxone-ox-953/	672
https://iprice.co.id/harga/logitech-b100/	665
https://iprice.co.id/harga/seagate-expansion/	656
https://iprice.co.id/harga/apple-iphone-6s-plus/	649
https://iprice.co.id/harga/jbl-go-merah/	640
https://iprice.co.id/harga/seagate-backup-plus-slim/	637
https://iprice.co.id/harga/sjcam-sj5000x-elite/	630
https://iprice.co.id/harga/jbl-clip-plus/	630
https://iprice.co.id/harga/oppo-f9/	628
https://iprice.co.id/harga/sandisk-dual/	625
https://iprice.co.id/harga/philips-hr-1559/	623
https://iprice.co.id/harga/sony-alpha-ilce-6000/	623
https://iprice.co.id/harga/sjcam-m20/	607
https://iprice.co.id/harga/remax-rb-t8/	601
https://iprice.co.id/harga/xiaomi-redmi-s2/	600
https://iprice.co.id/harga/awei-a990bl/	598
https://iprice.co.id/harga/logitech-m238/	594
https://iprice.co.id/harga/eken-h8r-ultra-hd/	590
https://iprice.co.id/harga/asus-zenfone-max-pro-m1-zb602kl/	585
https://iprice.co.id/harga/philips-hd-117380/	584
https://iprice.co.id/harga/samsung-clear-view-cover/	582
https://iprice.co.id/harga/fujifilm-x-t20/	577
https://iprice.co.id/harga/wardah-lightening-day-cream/	570
https://iprice.co.id/harga/skmei-1142/	569
https://iprice.co.id/harga/sandisk-extreme-pro/	560
https://iprice.co.id/harga/miyako-sm-625/	559
https://iprice.co.id/harga/vivo-y81/	552
https://iprice.co.id/harga/hippo-smore-powerbank/	549
https://iprice.co.id/harga/awei-a880bl/	547
https://iprice.co.id/harga/jbl-go-kuning/	541
https://iprice.co.id/harga/wardah-everyday-bb-cream-30ml/	535
https://iprice.co.id/harga/xiaomi-redmi-note-4/	535
https://iprice.co.id/harga/skmei-1250/	533
https://iprice.co.id/harga/ipega-pg-9023/	525
https://iprice.co.id/harga/sandisk-cruzer-blade-8gb/	523
https://iprice.co.id/harga/xiaomi-mi-band-2/	520
https://iprice.co.id/harga/xiaomi-redmi-note-4x/	520
https://iprice.co.id/harga/brica-b-pro5-alpha-edition-hitam/	515
https://iprice.co.id/harga/laneige-water-sleeping-mask/	510
https://iprice.co.id/harga/skmei-1068/	510
https://iprice.co.id/harga/logitech-m187/	505
https://iprice.co.id/harga/hp-46/	499
https://iprice.co.id/harga/samsung-galaxy-s7/	496
https://iprice.co.id/harga/xiaomi-redmi-note-5-pro/	491
https://iprice.co.id/harga/miyako-psg-607/	491
https://iprice.co.id/harga/philips-hr2116/	487
https://iprice.co.id/harga/oppo-f7/	485
https://iprice.co.id/harga/skmei-1219/	483
https://iprice.co.id/harga/samsung-galaxy-j5-pro/	482
https://iprice.co.id/harga/skmei-1180/	475
https://iprice.co.id/harga/remax-rm-610d/	475
https://iprice.co.id/harga/sandisk-32gb-ultra-dual/	475
https://iprice.co.id/harga/samsung-galaxy-j7-pro/	471
https://iprice.co.id/harga/demeter-cologne-spray/	471
https://iprice.co.id/harga/spigen-neo-hybrid-crystal/	469
https://iprice.co.id/harga/jbl-go-oren/	468
https://iprice.co.id/harga/xiaomi-redmi-6a/	465
https://iprice.co.id/harga/miyako-mcm-528/	460