Harga Handphone HP OPPO Terbaru | Januari 2019,Daftar Harga Handphone HP OPPO Terbaru Januari 2019,(Januari 2019) Daftar harga Handphone HP OPPO baru & bekas termurah di Indonesia. Bandingkan harga dan spesifikasi Handphone HP OPPO Realme, OPPO Find , OPPO Neo.
Harga Handphone HP Murah Terbaru | Januari 2019,Daftar Harga Handphone HP Murah Terbaru Januari 2019,(Januari) (2019) Daftar harga Handphone HP baru & bekas termurah, bandingkan harga dari Advan, Apple, ASUS
Harga Handphone HP OPPO Find Terbaru | Januari 2019,Daftar Harga Handphone HP OPPO Find Terbaru Januari 2019,(Januari 2019) Daftar harga Handphone HP OPPO [Find] baru & bekas termurah, bandingkan harga OPPO Find X, OPPO Find 9, OPPO Find 5 Mini
Harga OPPO Find X Murah Terbaru & Spesifikasi,Harga OPPO Find X Murah Terbaru & Spesifikasi | iPrice,(Juni 2018) Daftar harga OPPO Find X baru & bekas termurah. Lihat spesifikasi OPPO Find X, review, warna & pilihan handphone OPPO lainnya di iPrice
Harga Sepatu di Indonesia,Jual Sepatu Model Terbaru,Harga sepatu di Indonesia, cek diskon dan penawarannya!
Sneaker Pria,Sneaker Pria di Indonesia | Harga Jual Sneaker Online,Beli Sneaker Pria | Gratis Ongkir | Garansi Resmi Toko | Bayar di Tempat (COD)
Sneaker Pria,Sneaker Pria di Indonesia | Harga Jual Sneaker Online,Beli Sneaker Pria | Gratis Ongkir | Garansi Resmi Toko | Bayar di Tempat (COD)
Harga produk Apple Terbaru Januari 2019,Daftar Harga produk Apple Terbaru Januari 2019,(Januari 2019) Daftar harga produk Apple baru & bekas termurah di Indonesia. Bandingkan harga dan spesifikasi Handphone & Tablet, Komputer dan Audio & Hi-Fi Apple.

Apple Price in Malaysia for January, 2019,Apple Price in Malaysia | Harga January, 2019,Find the best Apple price in Malaysia 2019. Compare different specifications, latest review, top models, and more at iPrice. Get discounts, free shipping, fast delivery, and cash-on-delivery.
Apple Phones & Tablets Price in Malaysia for January, 2019,Apple Phones & Tablets Price in Malaysia | Harga January, 2019,[January, 2019] Apple Phones & Tablets price in Malaysia starts from RM 11.00. Find the best Apple Phones & Tablets price in Malaysia, compare different specifications, latest review, top models, and more at iPrice.¬†
Apple Watch Phones & Tablets Price in Malaysia for January, 2019,Harga Apple Watch Phones & Tablets Price in Malaysia | Harga January, 2019,[January, 2019] Apple Watch Phones & Tablets price in Malaysia starts from RM 415.60. Find the best Apple Watch Phones & Tablets price in Malaysia, compare different specifications, latest review, top models, and more at iPrice.¬†
Apple Watch Series 3 price in Malaysia & Specs for January, 2019,Apple Watch 3 Price in Malaysia | Harga Apple Watch 3,Compare Apple Watch 3 (2018) Prices in Malaysia from different online stores like Lazada, Shopee and Harvey Norman. Check the features, latest expert reviews, variants & specs of Apple Watch 3.
Watches,Watch Price in Malaysia | Online Watch Shop Malaysia,Get the lowest price ‚ù§Ô∏è on Ohtsuka Watch, Mens Watches, Rosefield Watches, cheap watches on sale, and more | ‚úÖ Enjoy online shopping and buy Watches Online in Malaysia
Watches for Men,Watches for Men | The best prices online in Malaysia | iPrice,Buy the newest Watches for Men with the latest sales & promotions ‚òÖ Find cheap offers ‚òÖ Browse our wide selection of products
Watches,Watch Price in Malaysia | Online Watch Shop Malaysia,Get the lowest price ‚ù§Ô∏è on Ohtsuka Watch, Mens Watches, Rosefield Watches, cheap watches on sale, and more | ‚úÖ Enjoy online shopping and buy Watches Online in Malaysia

Vivo Price List in Philippines for January, 2019,Vivo Price List in Philippines for January, 2019 | iPrice,[January, 2019] The best Vivo price in Philippines starts from ‚Ç± 43.00. Compare top models from Vivo Philippines such as the Vivo V9, and Vivo Y81. Find the cheapest Vivo price list in Philippines, compare specs, reviews, and more at iPrice!
Gaming Price List in Philippines for January, 2019¬†,Gaming Price List in Philippines for January, 2019 | iPrice,[January, 2019] The best Gaming price in Philippines starts from ‚Ç± 85.00. Compare top models from the latest Gaming in Philippines, find the cheapest new/second-hand units, read reviews, specifications, and the latest Gaming price list at iPrice!
Beauties Gaming Price List in Philippines for January, 2019,Beauties Gaming Price List in Philippines for January, 2019 | iPrice,[January, 2019] The best Beauties Gaming price in Philippines starts from ‚Ç± 116.00. Compare top models from Beauties Gaming in Philippines, find the cheapest new/second-hand products, read reviews, specifications, and the latest Beauties Gaming price list at iPrice!
Shoes Philippines,Affordable Shoes for Sale Philippines Price List 2019,Get the best Shoes price in the Philippines | Shop Shoes with our discounts & offers.
Shoes for Men,Shoes for Men | The best prices online in Philippines | iPrice,Buy the newest Shoes for Men with the latest sales & promotions ‚òÖ Find cheap offers ‚òÖ Browse our wide selection of products
Shoes for Men,Shoes for Men | The best prices online in Philippines | iPrice,Buy the newest Shoes for Men with the latest sales & promotions ‚òÖ Find cheap offers ‚òÖ Browse our wide selection of products
Nintendo 3DS Price in Philippines & Specs,Nintendo 3DS price in Philippines | Compare Reviews, Specs Online.,Compare Nintendo 3DS Price in Philippines from different leading online stores like Lazada, Galleon and Buy Online. Check the features, latest expert reviews, variants & specs of Nintendo 3DS.

Huawei Price in Singapore January, 2019,Huawei Price in Singapore for January, 2019 | iPrice,[January, 2019] The cheapest Huawei price in Singapore starts from S$ 2.40. Compare top models from Huawei Singapore, compare new/second-hand price, the best specs, latest review, and more from iPrice!
Huawei Ascend Price in Singapore January, 2019,Huawei Ascend Price in Singapore for January, 2019 | iPrice,[January, 2019] The cheapest Huawei Ascend price in Singapore starts from S$ 80.00. Compare top models from Huawei Ascend in Singapore, buy new/second-hand units, the best specs, latest review, and more from iPrice!
Black Huawei Ascend,Black Huawei Ascend | The best prices online in Singapore | iPrice,Buy the newest Huawei Ascend in Black with the latest sales & promotions ‚òÖ Find cheap offers ‚òÖ Browse our wide selection of products
Huawei Mate 20 Pro Price in Singapore & Specifications,Huawei Mate 20 Pro Price in Singapore & Specifications for January, 2019,January, 2019 The latest Huawei Mate 20 Pro price in Singapore starts from S$ 825.00. Compare top cheapest Huawei Mate 20 Pro price in Singapore, check specifications, new/used price list at iPrice.
Chinese New Year,Chinese New Year | The best prices online in Singapore | iPrice,Buy the newest Chinese New Year with the latest sales & promotions ‚òÖ Find cheap offers ‚òÖ Browse our wide selection of products
Chinese New Year for Women,Chinese New Year for Women | The best prices online in Singapore | iPrice,Buy the newest Chinese New Year for Women with the latest sales & promotions ‚òÖ Find cheap offers ‚òÖ Browse our wide selection of products
MagiDeal Online Store,MagiDeal Online Store | The best prices online in Singapore | iPrice,Buy the newest MagiDeal products in Singapore with the latest sales & promotions ‚òÖ Find cheap offers ‚òÖ Browse our wide selection of products

Mua Tai nghe bluetooth Samsung gi√° r·∫ª nh·∫•t Th√°ng m·ªôt 2019,Tai nghe bluetooth Samsung gi√° r·∫ª ch√≠nh h√£ng,Mua Tai nghe bluetooth Samsung gi√° r·∫ª ch√≠nh h√£ng c·∫≠p nh·∫≠t Th√°ng m·ªôt 2019. T√¨m ki·∫øm, ƒë√°nh gi√° v√† so s√°nh gi√° t·ªët nh·∫•t Samsung Level U, Samsung HM1300, Samsung N7100 Bluetooth Headset.
Gi√° Samsung Level U v√† Th√¥ng s·ªë,Samsung Level U gi√° r·∫ª nh·∫•t, ch√≠nh h√£ng,Mua Samsung Level U gi√° r·∫ª ch·ªâ t·ª´ 920.000 ƒë. So s√°nh gi√° Samsung Level U ch√≠nh h√£ng t·ª´ nhi·ªÅu c·ª≠a h√†ng uy t√≠n, c√≥ tr·∫£ g√≥p!
EOM Vi·ªát Nam,EOM Vi·ªát Nam,Mua online qu·∫ßn √°o EOM, Ph√≤ng ng·ªß EOM, Thi·∫øt b·ªã th√¥ng minh EOM @C·ª≠a h√†ng tr·ª±c tuy·∫øn EOM Vi·ªát Nam ‚úì M√£ gi·∫£m gi√° EOM Vietnam ‚úì ƒê·ªïi tr·∫£ d·ªÖ d√†ng ‚úì Thanh to√°n ti·ªán l·ª£i.
Gi√° Trang s·ª©c Vi·ªát Nam,Mua Trang s·ª©c gi√° r·∫ª nh·∫•t | C·∫≠p nh·∫≠t Trang s·ª©c khuy·∫øn m√£i l·ªõn,C·∫≠p nh·∫≠t Trang s·ª©c ch√≠nh h√£ng üéØ | SƒÉn coupon gi·∫£m ƒë·∫øn 97% khi mua h√†ng!
Gi√° Trang s·ª©c Nam,Mua Trang s·ª©c Nam gi·∫£m gi√° | ∆Øu ƒë√£i t·ªët,So s√°nh gi√° Trang s·ª©c Nam t·ª´ nh√† cung c·∫•p AliExpress, cungmua.com üéØ Trang s·ª©c Nam gi√° r·∫ª, ch·∫•t l∆∞·ª£ng t·ªët
Trang s·ª©c m√†u ƒêen cho Nam,S·∫£n ph·∫©m Trang s·ª©c m√†u ƒêen cho Nam | c√°c ∆∞u ƒë√£i gi√° tr·ª±c tuy·∫øn t·ªët nh·∫•t t·∫°i Vi·ªát Nam | iPrice,Mua s·∫Øm s·∫£n ph·∫©m Trang s·ª©c m√†u ƒêen cho Nam m·ªõi ra m·∫Øt v·ªõi ch∆∞∆°ng tr√¨nh khuy·∫øn m√£i & ∆∞u ƒë√£i m·ªõi nh·∫•t ‚òÖ T√¨m ki·∫øm ∆∞u ƒë√£i gi√° r·∫ª ‚òÖ Kh√¥ng gi·ªõi h·∫°n trong l·ª±a ch·ªçn
Trang s·ª©c m√†u ƒêen cho Nam,S·∫£n ph·∫©m Trang s·ª©c m√†u ƒêen cho Nam | c√°c ∆∞u ƒë√£i gi√° tr·ª±c tuy·∫øn t·ªët nh·∫•t t·∫°i Vi·ªát Nam | iPrice,Mua s·∫Øm s·∫£n ph·∫©m Trang s·ª©c m√†u ƒêen cho Nam m·ªõi ra m·∫Øt v·ªõi ch∆∞∆°ng tr√¨nh khuy·∫øn m√£i & ∆∞u ƒë√£i m·ªõi nh·∫•t ‚òÖ T√¨m ki·∫øm ∆∞u ƒë√£i gi√° r·∫ª ‚òÖ Kh√¥ng gi·ªõi h·∫°n trong l·ª±a ch·ªçn
Gi√° Trang s·ª©c Amour,Amour Vi·ªát Nam | Gi√° Trang s·ª©c Amour ch√≠nh h√£ng | Khuy·∫øn m√£i l·ªõn,C·∫≠p nh·∫≠t Trang s·ª©c Amour ch√≠nh h√£ng | Coupons gi·∫£m ƒë·∫øn 82% khi mua h√†ng üéØ