	harga hp vivo
	harga samsung j5
	harga oppo f3
	harga oppo f1s
	harga oppo a37
	harga oppo f3
	harga xiaomi redmi note 4
	harga vivo v5
	harga oppo f3 plus
	harga oppo a39
	harga oppo f5
	harga oppo f7
	harga iphone 6
	harga asus zenfone 3 max
	harga oppo a37
	harga vivo v5 plus
	harga samsung a8
	harga samsung galaxy c9 pro
	kode promo shopee
	harga oppo f5
	harga xiaomi redmi 4
	harga laptop asus
	harga vivo v9
	harga oppo f1
	harga vivo v5s
	harga mesin cuci
	harga oppo f1s
	harga printer canon
	harga samsung j3
	harga tv led samsung
	harga spinner
	harga kulkas mini
	harga kulkas
	harga raket yonex
	harga hp vivo
	harga ampere meter
	harga oppo f3 plus
	harga xiaomi redmi 4 prime
	harga samsung s7 edge
	harga xiaomi redmi note 4
	harga nokia 6
	harga oppo neo 7
	harga freezer
	harga brownies amanda
	kode voucher zalora
	harga dispenser
	harga serum sk ii
	harga g
	harga helm nhk
	harga lampu philips
	harga tas ransel navy club
	jam tangan alexandre christie harga
	hair dryer panasonic harga
	harga pensil warna derwent
	harga parfum dior
	masker wajah himalaya
	harga oppo a57
	harga vivo y53
	harga laptop hp
	harga printer hp
	harga huawei p10
	harga hp oppo f3
	harga kabel lan
	harga vivo v5 lite
	harga asus zenfone go
	harga freezer
	harga minyak zaitun
	harga oppo a71
	kebaya
	harga drone
	harga blender philips
	harga printer epson l220
	harga oneplus 3t
	harga lg k10
	harga xiaomi redmi note 4x
	harga xiaomi redmi 5
	harga hp asus zenfone 3 max
	harga samsung j7 pro
	harga herbalife
	harga laptop toshiba
	harga foundation wardah
	harga oppo r11
	harga samsung a6
	iphone se harga
	harga hp samsung s8
	harga lampu led
	harga gorden
	harga spinner
	harga xiaomi redmi 3s
	harga lg v20
	lg g4 harga
	harga oppo a71
	harga samsung a6 plus
	oppo f9 harga
	harga mic wireless
	vivo v7+ harga
	harga sony xperia xz
	harga kabel lan
	harga vivo v3
	redmi note 4 harga
	kode promo zalora
	harga canon 70d
	harga vivo v7+
	harga hp xiaomi redmi note 4
	harga xiaomi mi5 pro
	harga huawei p20 pro
	harga huawei p9
	harga canon 700d
	harga gulaku
	harga samsung galaxy s8 plus
	harga hp spectre x360
	harga ipad mini 4
	harga komputer
	harga sony xperia xz premium
	harga lampu led philips
	harga blender miyako
	harga xiaomi mi5s
	harga samsung galaxy s6 edge
	harga lampu philips
	harga freezer
	harga samsung galaxy a6
	harga squishy
	harga samsung galaxy j3 pro
	harga huawei p10
	harga lampu led
	harga mixer
	harga tas eiger
	xiaomi 5a harga
	harga lg v30
	harga vivo y53
	harga jam tangan rolex
	harga samsung galaxy c9 pro
	harga xiaomi redmi pro
	harga canon 60d
	harga proyektor
	harga macbook pro 2017
	harga epson l220
	harga samsung a3 2017
	harga j5 pro
	oppo a57 harga
	harga kamera canon
	harga apple watch
	harga jam rolex
	harga lenovo p2
	harga oneplus 3t
	harga herbalife
	harga gitar akustik yamaha
	dji mavic pro harga
	harga sony xperia
	harga modem bolt
	harga canon 80d
	vivo v9 harga
	samsung j5 pro harga
	harga kabel vga
	harga asus zenfone 3 deluxe
	harga kabel
	harga sony xperia xa
	harga samsung j7 core
	oppo f9 harga
	harga sony z5
	harga hp vivo y53
	harga oppo r7s
	spesifikasi xiaomi mi 5
	harga hp samsung j4
	harga hair dryer philips
	harga samsung j7 prime 2016
	spesifikasi nikon d3100
	harga samsung v plus
	harga oli motor
	samsung s5 harga
	harga hp sony xperia z
	spesifikasi xiaomi mi4
	harga ipad mini
	harga multimeter
	spesifikasi infinix note 4 pro
	harga nikon d3400
	harga sepatu mizuno
	harga kamera leica
	canon eos 700d harga
	iphone 6 64gb harga
	asus laptop terbaru
	harga bb cream pixy
	lenovo g40-80
	redmi 5a spek
	harga victoria secret parfum
	harga sepatu puma suede
	spesifikasi asus x450c
	harga led tv polytron
	harga xiaomi redmi note 4 terbaru
	harga mixer kitchenaid
	harga kamera lumix
	harga kamera dslr canon 600d
	harga note 5a
	harga tab lenovo
	harga asus zenfone max m1
	harga modem smartfren 4g
	harga sony xperia z1 compact
	harga hp sony xperia zr
	harga spc
	samsung galaxy note 3 harga
	harga xiaomi redmi 3 s
	harga vgod
	harga galaxy note 3
1	mineral botanica price list
	psp harga
	daftar harga sepeda anak family
	harga samaung duos