https://iprice.co.id/aj/sepatu/olahraga/,true
https://iprice.co.id/baby-harbor/pakaian-bayi/,true
https://iprice.co.id/brazilian/,true
https://iprice.co.id/cest-moi%C2%A0/,true
https://iprice.co.id/cocotina/alat-medis/terapi-cedera/,true
https://iprice.co.id/coleman/dekorasi-rumah/,true
https://iprice.co.id/colgate/makeup/,true
https://iprice.co.id/crocs/classic/sepatu/sandal-jepit/,true
https://iprice.co.id/disney/perawatan-kulit/tangan/,true
https://iprice.co.id/dmkj/sepatu/sandal/,true
https://iprice.co.id/dr-martens/flora/sepatu/,true
https://iprice.co.id/enesco/tas/,true
https://iprice.co.id/finejewelers/perhiasan/gelang/,true
https://iprice.co.id/fit/pakaian/kacamata/,true
https://iprice.co.id/fly/kamera-foto/,true
https://iprice.co.id/gunnar-optiks/perawatan-mata/kacamata/,true
https://iprice.co.id/h2o%20italia/pakaian/wanita/dress/,true
https://iprice.co.id/hp/stasioner/kalkulator/sains/,true
https://iprice.co.id/joes-jeans/pakaian-anak/,true
https://iprice.co.id/kingwear/ponsel-tablet/wanita/,true
https://iprice.co.id/lands-end/pakaian/celana/,true
https://iprice.co.id/mylifeunit/stasioner/kalkulator/,true
https://iprice.co.id/nike/lunar-command/sepatu/olahraga/golf/,true
https://iprice.co.id/nike/mercurial/vortex/pria/,true
https://iprice.co.id/nike/sb/dunk-high/sepatu/,true
https://iprice.co.id/nike/sb/sepatu/olahraga/lari/,true
https://iprice.co.id/nyx-professional-makeup/makeup/aksesoris/kuas/,true
https://iprice.co.id/olahraga-rekreasi/wanita/hiking/binokular/,true
https://iprice.co.id/oxbow/pakaian/,true
https://iprice.co.id/perbaikan-rumah/pria/perlengkapan-dapur/penyaring-kran/,true
https://iprice.co.id/peter-pilotto/pakaian/dress/gaun-malam/,true
https://iprice.co.id/philips-sonicare/perawatan-mulut/sikat-gigi/elektrik/,true
https://iprice.co.id/plum-organics/pemberian-makanan/,true
https://iprice.co.id/pull-bear/sepatu/wanita/sandal/,true
https://iprice.co.id/puma/cell-surin-2/sepatu/,true
https://iprice.co.id/rebirth/perawatan-kulit/wajah/,true
https://iprice.co.id/royal/sepatu/wanita/,true
https://iprice.co.id/samsung/galaxy/s2/ponsel-tablet/,true
https://iprice.co.id/skechers/microburst/sepatu/sneaker/,true
https://iprice.co.id/smart/keamanan/pintu/,true
https://iprice.co.id/solvil-et-titus/,true
https://iprice.co.id/some-by-mi/perawatan-kulit/wajah/serum/,true
https://iprice.co.id/source-naturals/suplemen-makanan/vitamin/vitamin-c/,true
https://iprice.co.id/spring/sepatu/sandal/,true
https://iprice.co.id/tbi/,true
https://iprice.co.id/three-dots/pakaian/kaos/,true
https://iprice.co.id/tiger/keamanan/,true
https://iprice.co.id/tommee-tippee/pemberian-makanan/botol/alat-sterilisasi/,true
https://iprice.co.id/umbro/sepatu/wanita/,true
https://iprice.co.id/unknown/perawatan-kulit/kaki/,true
https://iprice.co.id/vivere/olahraga-rekreasi/,true
https://iprice.co.id/volley/sepatu/,true
https://iprice.co.id/welly/jam-tangan/,true
https://iprice.co.id/yonben/makeup/,true
https://iprice.co.id/yonben/makeup/aksesoris/,true
Originating URL,true
https://iprice.co.id/adidas/court/sepatu/wanita/olahraga/,true
https://iprice.co.id/adidas/pakaian/wanita/olahraga/baju-ketat/,true
https://iprice.co.id/bioaqua/perawatan-kulit/pria/,true
https://iprice.co.id/clarins/makeup/wajah/,true
https://iprice.co.id/cocolmax/sepatu/wedges/,true
https://iprice.co.id/colourpop/makeup/wajah/,true
https://iprice.co.id/diylooks/parfum/,true
https://iprice.co.id/dr-martens/flora/sepatu/,true
https://iprice.co.id/fly/kamera-foto/,true
https://iprice.co.id/grand-sport/pria/,true
https://iprice.co.id/harga/western-digital-purple-4tb/,true
https://iprice.co.id/innisfree/makeup/wajah/,true
https://iprice.co.id/innisfree/perawatan-kulit/mata/,true
https://iprice.co.id/kiehls/perawatan-kulit/mata/,true
https://iprice.co.id/kiss-my-face/makeup/,true
https://iprice.co.id/kitchen/pakaian/topi/,true
https://iprice.co.id/lancome/makeup/wajah/,true
https://iprice.co.id/monton/pakaian/sarung-tangan/,true
https://iprice.co.id/nary/jam-tangan/wanita/,true
https://iprice.co.id/olahraga-aksi/pria/bmxs/,true
https://iprice.co.id/ornament/,true
https://iprice.co.id/proline/perbaikan-rumah/,true
https://iprice.co.id/rebirth/perawatan-kulit/wajah/,true
https://iprice.co.id/reebok/yourflex/trainette/sepatu/wanita/olahraga/lari/,true
https://iprice.co.id/sandisk-ultra/kamera-foto/,true
https://iprice.co.id/skins/pakaian/celana/legging/,true
https://iprice.co.id/sony/xperia/m4/,true
https://iprice.co.id/sunsky/pakaian/kaos/,true
https://iprice.co.id/tommee-tippee/pemberian-makanan/botol/alat-sterilisasi/,true
https://iprice.co.id/value/sepatu/,true
https://iprice.co.id/wet-wild/makeup/wajah/,true
https://iprice.co.id/zara/pakaian/kemeja/bercorak/,true
Originating URL,true
https://iprice.co.id/a1-toys/pakaian/topi/,true
https://iprice.co.id/adidas/falcon/sepatu/pria/,true
https://iprice.co.id/aiken/pakaian/sweater/,true
https://iprice.co.id/baby-harbor/pakaian-bayi/,true
https://iprice.co.id/beyond/sepatu/sandal/,true
https://iprice.co.id/clarins/makeup/wajah/,true
https://iprice.co.id/coleman/dekorasi-rumah/,true
https://iprice.co.id/colourpop/makeup/wajah/,true
https://iprice.co.id/comsun/ponsel-tablet/,true
https://iprice.co.id/crystal/makeup/wajah/bedak/padat/,true
https://iprice.co.id/daiso/pakaian/dalam/kaos-kaki/,true
https://iprice.co.id/diylooks/parfum/,true
https://iprice.co.id/dr-martens/flora/sepatu/,true
https://iprice.co.id/drjart/makeup/wajah/,true
https://iprice.co.id/elenxs/kamar-mandi/shower/,true
https://iprice.co.id/enesco/tas/,true
https://iprice.co.id/etude-house/makeup/wanita/wajah/,true
https://iprice.co.id/exo/hobi/cd-musik/,true
https://iprice.co.id/fancyqube/pemberian-makanan/aksesoris/,true
https://iprice.co.id/galaxy/dapur-ruang-makan/peralatan-masak/panci/,true
https://iprice.co.id/gigi/kamar-tidur/bantal/,true
https://iprice.co.id/grand-sport/pria/,true
https://iprice.co.id/gunnar-optiks/perawatan-mata/kacamata/,true
https://iprice.co.id/hp/stasioner/kalkulator/sains/,true
https://iprice.co.id/indiabigshop/mainan/,true
https://iprice.co.id/innisfree/makeup/wajah/,true
https://iprice.co.id/innisfree/perawatan-kulit/mata/,true
https://iprice.co.id/kiehls/perawatan-kulit/mata/,true
https://iprice.co.id/kiss-beauty/makeup/mata/pensil-alis/,true
https://iprice.co.id/kose/perawatan-kulit/mata/masker/,true
https://iprice.co.id/lancome/makeup/wajah/,true
https://iprice.co.id/lodge/perlengkapan-taman/pemanggang/,true
https://iprice.co.id/lol/tas/selempang/,true
https://iprice.co.id/longchamp/le-pliage/neo/tas/,true
https://iprice.co.id/me/pakaian/celana/,true
https://iprice.co.id/me/pakaian/jaket/,true
https://iprice.co.id/mi/kamar-mandi/,true
https://iprice.co.id/mi/komputer/perlengkapan-jaringan/,true
https://iprice.co.id/moonshot/makeup/wajah/,true
https://iprice.co.id/nagostore/perawatan-kulit/,true
https://iprice.co.id/nike/lebron/sepatu/olahraga/lari/,true
https://iprice.co.id/nike/lunar-command/sepatu/olahraga/golf/,true
https://iprice.co.id/nike/sb/sepatu/olahraga/lari/,true
https://iprice.co.id/nillkin/penerangan/lampu-hias/,true
https://iprice.co.id/nitecore/perbaikan-rumah/peralatan-listrik/baterai/,true
https://iprice.co.id/nyx-professional-makeup/makeup/aksesoris/kuas/,true
https://iprice.co.id/oasis/pakaian/kemeja/,true
https://iprice.co.id/off-white/sepatu/pria/olahraga/lari/,true
https://iprice.co.id/olahraga-rekreasi/wanita/hiking/binokular/,true
https://iprice.co.id/peripera/makeup/wajah/,true
https://iprice.co.id/phoebe/perawatan-rambut/,true
https://iprice.co.id/rebirth/perawatan-kulit/wajah/,true
https://iprice.co.id/sana/pakaian/sweater/,true
https://iprice.co.id/skechers/microburst/sepatu/sneaker/,true
https://iprice.co.id/smart/keamanan/pintu/,true
https://iprice.co.id/source-naturals/suplemen-makanan/vitamin/vitamin-c/,true
https://iprice.co.id/sunday/jam-tangan/,true
https://iprice.co.id/sunsky/pakaian/kaos/,true
https://iprice.co.id/the-ordinary/makeup/wajah/,true
https://iprice.co.id/the-saem/perawatan-kulit/mata/,true
https://iprice.co.id/tike/sepatu/boot/,true
https://iprice.co.id/tookie/kamar-tidur/,true
https://iprice.co.id/tookie/kamar-tidur/tempat-tidur/,true
https://iprice.co.id/vicolo-northland/pakaian/wanita/sweater/,true
https://iprice.co.id/wonder-bra/pakaian/dalam/bra/,true
Originating URL,true
https://iprice.co.id/adidas/adistar/boost/sepatu/,true
https://iprice.co.id/baby-harbor/pakaian-bayi/,true
https://iprice.co.id/background/pakaian/wanita/sweater/,true
https://iprice.co.id/bd/makeup/mata/eye-shadow/,true
https://iprice.co.id/bimeng/pakaian/kaos/,true
https://iprice.co.id/bioaqua/perawatan-kulit/pria/,true
https://iprice.co.id/bravado-tour-merch/,true
https://iprice.co.id/brazilian/,true
https://iprice.co.id/cest-moi%C2%A0/,true
https://iprice.co.id/clarins/parfum/,true
https://iprice.co.id/colgate/makeup/,true
https://iprice.co.id/dr-martens/flora/sepatu/,true
https://iprice.co.id/ever-after-high/hobi/,true
https://iprice.co.id/fly/kamera-foto/,true
https://iprice.co.id/h2o%20italia/pakaian/wanita/dress/,true
https://iprice.co.id/hara/sepatu/,true
https://iprice.co.id/hp/stasioner/kalkulator/sains/,true
https://iprice.co.id/husqvarna/tas/,true
https://iprice.co.id/indiabigshop/mainan/,true
https://iprice.co.id/kobayashi/perawatan-kulit/wajah/pelembab/,true
https://iprice.co.id/longchamp/le-pliage/neo/tas/,true
https://iprice.co.id/love-bonito/pakaian/wanita/dress/maxi/,true
https://iprice.co.id/mak/makeup/wajah/bedak/,true
https://iprice.co.id/mi/kamar-mandi/,true
https://iprice.co.id/monique-lhuillier/pakaian/dress/gaun-malam/,true
https://iprice.co.id/nike/lunar-command/sepatu/olahraga/golf/,true
https://iprice.co.id/not-brand/perhiasan/,true
https://iprice.co.id/nyx-professional-makeup/makeup/aksesoris/kuas/,true
https://iprice.co.id/ornament/,true
https://iprice.co.id/philips-sonicare/perawatan-mulut/sikat-gigi/elektrik/,true
https://iprice.co.id/phoebe/perawatan-rambut/,true
https://iprice.co.id/plum-organics/pemberian-makanan/,true
https://iprice.co.id/puma/cell-surin-2/sepatu/,true
https://iprice.co.id/pureplus/,true
https://iprice.co.id/rbo/pria/,true
https://iprice.co.id/rebirth/perawatan-kulit/wajah/,true
https://iprice.co.id/samsung/galaxy/s2/ponsel-tablet/,true
https://iprice.co.id/skins/pakaian/celana/legging/,true
https://iprice.co.id/solvil-et-titus/,true
https://iprice.co.id/solvil-et-titus/jam-tangan/,true
https://iprice.co.id/some-by-mi/perawatan-kulit/wajah/serum/,true
https://iprice.co.id/source-naturals/suplemen-makanan/vitamin/vitamin-c/,true
https://iprice.co.id/thermaltake/tas/,true
https://iprice.co.id/tmc/komputer/,true
https://iprice.co.id/tommee-tippee/pemberian-makanan/botol/alat-sterilisasi/,true
https://iprice.co.id/tuguan/tas/laptop/,true
https://iprice.co.id/ugg/sepatu/sandal/gladiator/,true
https://iprice.co.id/usp/,true
https://iprice.co.id/vintage/wanita/,true
https://iprice.co.id/volley/sepatu/,true
https://iprice.co.id/xiu-luo/tas/ransel/,true
Originating URL,true
https://iprice.co.id/adidas/pakaian/wanita/olahraga/baju-ketat/,true
https://iprice.co.id/boohoo/pakaian/baju-tidur/jubah/,true
https://iprice.co.id/coleman/dekorasi-rumah/,true
https://iprice.co.id/colgate/makeup/,true
https://iprice.co.id/desmiit/pakaian/celana/,true
https://iprice.co.id/disney/perawatan-kulit/tangan/,true
https://iprice.co.id/elenxs/kamar-mandi/shower/,true
https://iprice.co.id/ever-after-high/hobi/,true
https://iprice.co.id/h2o%20italia/pakaian/wanita/dress/,true
https://iprice.co.id/hp/stasioner/kalkulator/sains/,true
https://iprice.co.id/indiabigshop/mainan/,true
https://iprice.co.id/lands-end/pakaian/celana/,true
https://iprice.co.id/monique-lhuillier/pakaian/dress/gaun-malam/,true
https://iprice.co.id/nicole-miller/tas/travel/,true
https://iprice.co.id/nike/sb/sepatu/olahraga/lari/,true
https://iprice.co.id/pull-bear/sepatu/wanita/sandal/,true
https://iprice.co.id/puma/cell-surin-2/sepatu/,true
https://iprice.co.id/salvatore-ferragamo/perlengkapan-mandi-tubuh/wanita/,true
https://iprice.co.id/samsung/galaxy/s2/ponsel-tablet/,true
https://iprice.co.id/skins/pakaian/celana/legging/,true
https://iprice.co.id/solvil-et-titus/,true
https://iprice.co.id/solvil-et-titus/jam-tangan/,true
https://iprice.co.id/some-by-mi/perawatan-kulit/wajah/serum/,true
https://iprice.co.id/vintage/wanita/,true
https://iprice.co.id/yonben/makeup/,true
Originating URL,true
https://iprice.co.id/boohoo/pakaian/baju-tidur/jubah/,true
https://iprice.co.id/d-by-d/pakaian/sweater/,true
https://iprice.co.id/dr-martens/flora/sepatu/,true
https://iprice.co.id/fly/kamera-foto/,true
https://iprice.co.id/frugoo/pakaian/sweater/,true
https://iprice.co.id/h2o%20italia/pakaian/wanita/dress/,true
https://iprice.co.id/korkor/pakaian/wanita/kardigan/,true
https://iprice.co.id/monique-lhuillier/pakaian/dress/gaun-malam/,true
https://iprice.co.id/mqj/pakaian/sweater/,true
https://iprice.co.id/nike/dunk/dunk-high/,true
https://iprice.co.id/skins/pakaian/celana/legging/,true
https://iprice.co.id/source-naturals/suplemen-makanan/vitamin/vitamin-c/,true
https://iprice.co.id/vintage/wanita/,true
Originating URL,true
https://iprice.co.id/cest-moi%C2%A0/,true
https://iprice.co.id/h2o%20italia/pakaian/wanita/dress/,true
https://iprice.co.id/kendall%20+%20kylie/pakaian/atasan/,true
true