https://iprice.ph/compare/anker-powercore-10000mah/,true
https://iprice.ph/compare/jabra-halo-smart/,true
https://iprice.ph/jo-malone/groceries/,true
https://iprice.ph/focallure/makeup/face/,true
https://iprice.ph/laneige/skin-care/eyes/masks/,true
https://iprice.ph/skin-care/eyes/,true
https://iprice.ph/focallure/makeup/face/,true
https://iprice.ph/laneige/skin-care/eyes/masks/,true
https://iprice.ph/skin-care/eyes/,true
https://iprice.ph/clear/skin-care/face/treatments/,true
https://iprice.ph/fcuk/perfume/,true
https://iprice.ph/galaxy/home-decor/wall-art/stickers/,true
https://iprice.ph/gibson-usa/,true
https://iprice.ph/la-roche-posay%C2%A0/skin-care/face/moisturizers/,true
https://iprice.ph/passion/clothing/t-shirts/,true
https://iprice.ph/tresemme/hair-care/shampoos/,true
https://iprice.ph/fcuk/perfume/,true
https://iprice.ph/salonpas/medical-supplies/first-aid/pain-relief/,true
https://iprice.ph/tresemme/hair-care/shampoos/,true
https://iprice.ph/clear/skin-care/face/treatments/,true
https://iprice.ph/montbell/,true
https://iprice.ph/nyx-cosmetics/makeup/women/face/,true
https://iprice.ph/shangpree/skin-care/eyes/masks/,true
https://iprice.ph/tresemme/hair-care/shampoos/,true
https://iprice.ph/tresemme/hair-care/shampoos/,true
https://iprice.ph/montbell/,true
https://iprice.ph/bright-starts/baby-gear/activity/bouncers/,true
https://iprice.ph/cole/shoes/,true
https://iprice.ph/fpar%20media%20guerrilla/men/,true
https://iprice.ph/smile/shoes/kids-and-baby/,true
https://iprice.ph/x-plus/,true
https://iprice.ph/bright-starts/baby-gear/activity/bouncers/,true
https://iprice.ph/fpar%20media%20guerrilla/men/,true
https://iprice.ph/moonlight/lighting/decorative-ceiling-lights/chandelier/,true
https://iprice.ph/ekel/skin-care/eyes/,true
https://iprice.ph/fpar%20media%20guerrilla/men/,true
https://iprice.ph/makiyo/makeup/face/,true
https://iprice.ph/moonlight/lighting/decorative-ceiling-lights/chandelier/,true
https://iprice.ph/olay/makeup/face/,true
https://iprice.ph/tarte/makeup/face/,true
https://iprice.ph/x-plus/,true
https://iprice.ph/makiyo/makeup/face/,true
https://iprice.ph/olay/makeup/face/,true
https://iprice.ph/gap/clothing/men/t-shirts/,true
https://iprice.ph/ikea/kitchen-dining/knives/,true
https://iprice.ph/pt/shoes/,true
https://iprice.ph/strataderm/,true
https://iprice.ph/the-body-shop/shaving-supplies/,true
https://iprice.ph/the-body-shop/skin-care/foot/,true
https://iprice.ph/universal/watches/analogue/,true
https://iprice.ph/laurier/bath-body/feminine-hygiene/sanitary-napkins/,true
https://iprice.ph/play-boy/kids-clothing/polos/,true
https://iprice.ph/reebok/print/shoes/sneakers/,true
https://iprice.ph/tefal/appliances/fryers/air/,true
https://iprice.ph/the-body-shop/shaving-supplies/,true
https://iprice.ph/the-body-shop/skin-care/foot/,true
https://iprice.ph/toumei/,true
https://iprice.ph/watsons/skin-care/hand/creams/,true
https://iprice.ph/cif/housekeeping/,true
https://iprice.ph/diy/makeup/face/,true
https://iprice.ph/lara/,true
https://iprice.ph/mediheal/skin-care/eyes/,true
https://iprice.ph/ohui/makeup/face/,true
https://iprice.ph/strataderm/,true
https://iprice.ph/touch-in-sol/makeup/face/,true
https://iprice.ph/diy/makeup/face/,true
https://iprice.ph/jeanswest/clothing/pants/,true
https://iprice.ph/mastela/baby-gear/activity/bouncers/,true
https://iprice.ph/mediheal/skin-care/eyes/,true
https://iprice.ph/ohui/makeup/face/,true
https://iprice.ph/sandisk-ultra/computing/external-storage/flash-drives/,true
https://iprice.ph/touch-in-sol/makeup/face/,true
https://iprice.ph/universal/watches/analogue/,true
https://iprice.ph/cif/housekeeping/,true
https://iprice.ph/lara/,true
https://iprice.ph/the-body-shop/shaving-supplies/,true
https://iprice.ph/toumei/,true
https://iprice.ph/watsons/skin-care/hand/creams/,true
https://iprice.ph/lara/,true
https://iprice.ph/johnson-johnson/skin-care/face/,true
https://iprice.ph/pez/,true
https://iprice.ph/the-body-shop/makeup/eyes/eyeshadows/,true
https://iprice.ph/betadine/skin-care/hand/soaps/,true
https://iprice.ph/defunc/audio-hi-fi/headphones/in-ear/,true
https://iprice.ph/johnson-johnson/skin-care/face/,true
https://iprice.ph/karseell/,true
https://iprice.ph/loreal-men-expert/,true
https://iprice.ph/pez/,true
https://iprice.ph/the-body-shop/makeup/eyes/eyeshadows/,true
https://iprice.ph/betadine/skin-care/,true
https://iprice.ph/crocs/lina/shoes/flats/,true
https://iprice.ph/globber/toys/outdoor-play/scooters/,true
https://iprice.ph/karseell/,true
https://iprice.ph/pez/,true
https://iprice.ph/tv-video-dvd/plasma/,true
https://iprice.ph/betadine/skin-care/,true
https://iprice.ph/betadine/skin-care/hand/soaps/,true
https://iprice.ph/the-body-shop/groceries/bakery/,true
https://iprice.ph/the-body-shop/makeup/eyes/eyeshadows/,true
https://iprice.ph/sorelle-secli/clothing/jackets/,true
https://iprice.ph/bell/clothing/t-shirts/,true
https://iprice.ph/zanzea/clothing/pants/baggy/,true
https://iprice.ph/zanzea/clothing/pants/baggy/,true
https://iprice.ph/yuko/clothing/women/jackets/,true
https://iprice.ph/ipsa/makeup/face/,true
https://iprice.ph/yuko/clothing/women/jackets/,true
https://iprice.ph/yuko/clothing/women/jackets/,true
https://iprice.ph/lenovo/komputer/,true
https://iprice.ph/playboy/clothing/underwear/lingerie/,true
https://iprice.ph/yamaha-cover-set/,true
https://iprice.ph/playboy/clothing/underwear/lingerie/,true
https://iprice.ph/hm/bags/sling/shoulder/,true
https://iprice.ph/jcpal/bags/,true
https://iprice.ph/maya/clothing/women/dresses/maxi/,true
https://iprice.ph/polarone/,true
https://iprice.ph/chipie/shoes/kids-and-baby/,true
https://iprice.ph/jcpal/bags/,true
https://iprice.ph/maya/clothing/women/dresses/maxi/,true
https://iprice.ph/polarone/,true
https://iprice.ph/jcpal/bags/,true
https://iprice.ph/adidas/adizero/f50/,true
https://iprice.ph/adidas/deerupt/shoes/sports/running/,true
https://iprice.ph/adidas/gazelle/og/,true
https://iprice.ph/afs-jeep/clothing/dresses/,true
https://iprice.ph/asv/,true
https://iprice.ph/dr-browns/feeding/breastfeeding/breast-shells/,true
https://iprice.ph/epic/shoes/men/,true
https://iprice.ph/esdy/clothing/t-shirts/,true
https://iprice.ph/hot-wheels/toys/building/,true
https://iprice.ph/itronics/,true
https://iprice.ph/kate-spade-new-york/shoes/women/sneakers/,true
https://iprice.ph/lalang/shoes/sandals/gladiator/,true
https://iprice.ph/nabi/clothing/,true
https://iprice.ph/unipet/,true
https://iprice.ph/zara/shoes/kids-and-baby/,true
https://iprice.ph/adidas/original/clothing/sportswear/track-jackets/,true
https://iprice.ph/blendtec/appliances/,true
https://iprice.ph/easygobuy/home-decor/other-decorations/artificial-plants/,true
https://iprice.ph/esdy/clothing/t-shirts/,true
https://iprice.ph/fx-creations/,true
https://iprice.ph/just-jaivik/,true
https://iprice.ph/kato/bags/,true
https://iprice.ph/newfeel/bags/backpacks/,true
https://iprice.ph/nike/flyknit/1/shoes/sports/,true
https://iprice.ph/shamoe/,true
https://iprice.ph/tomaz/watches/,true
https://iprice.ph/adidas/deerupt/shoes/sports/running/,true
https://iprice.ph/adidas/gazelle/og/,true
https://iprice.ph/anastasia-beverly-hills/clothing/,true
https://iprice.ph/daiwa-rods/,true
https://iprice.ph/hm-digital/,true
https://iprice.ph/newfeel/bags/backpacks/,true
https://iprice.ph/provamed/,true
https://iprice.ph/zara/shoes/kids-and-baby/,true
https://iprice.ph/epic/shoes/men/,true
https://iprice.ph/hm-digital/,true
https://iprice.ph/shamoe/,true
https://iprice.ph/adidas/deerupt/shoes/sports/running/,true
https://iprice.ph/adidas/original/clothing/sportswear/track-jackets/,true
https://iprice.ph/anastasia-beverly-hills/clothing/,true
https://iprice.ph/arafah-lace-hijabs/,true
https://iprice.ph/fx-creations/,true
https://iprice.ph/just-jaivik/,true
https://iprice.ph/novita/appliances/air-purifiers/,true
https://iprice.ph/redcolourful/adventure/hiking/trekking-poles/,true
https://iprice.ph/ruyiyu/computing/software/,true
https://iprice.ph/zara/shoes/kids-and-baby/,true
https://iprice.ph/aden-anais/nursery/bedding/wrappers/,true
https://iprice.ph/butterfly/baby-gear/,true
https://iprice.ph/rosella/,true
https://iprice.ph/guess/clothing/shirts/print/,true
https://iprice.ph/yeeco/computing/accessories/pc-audio/,true
https://iprice.ph/plum/makeup/lips/,true
https://iprice.ph/tetra/kitchen-dining/,true
https://iprice.ph/guess/clothing/shirts/print/,true
https://iprice.ph/omega/de-ville/watches/analogue/,true
https://iprice.ph/papa/bags/,true
https://iprice.ph/plum/makeup/lips/,true
https://iprice.ph/adidas/performance/bags/shoe/,true
https://iprice.ph/bata/clothing/t-shirts/,true
https://iprice.ph/spectra/home-decor/,true
https://iprice.ph/adidas/performance/bags/shoe/,true
https://iprice.ph/elissa-poppy/clothing/underwear/lingerie/,true
https://iprice.ph/spectra/home-decor/,true
https://iprice.ph/adidas/performance/bags/shoe/,true
https://iprice.ph/spandex/clothing/underwear/panties/,true
https://iprice.ph/spandex/clothing/underwear/panties/,true
https://iprice.ph/bershka/clothing/women/jeans/,true
https://iprice.ph/magic/stationery/writing-utensils/pens/,true
https://iprice.ph/rejoice/hair-care/,true
https://iprice.ph/bershka/clothing/women/jeans/,true
https://iprice.ph/flo/shoes/women/,true
https://iprice.ph/hequ/bags/backpacks/,true
https://iprice.ph/magic/stationery/writing-utensils/pens/,true
https://iprice.ph/rejoice/hair-care/,true
https://iprice.ph/ants/clothing/,true
https://iprice.ph/rejoice/hair-care/,true
https://iprice.ph/rejoice/hair-care/,true
https://iprice.ph/anastasia-beverly-hills/jewellery/women/,true
https://iprice.ph/casio/baby-g/watches/men/,true
https://iprice.ph/laowa/camera-photo/,true
https://iprice.ph/skidders/clothing/underwear/socks/,true
https://iprice.ph/taichi/bags/,true
https://iprice.ph/catwalk/makeup/accessories/bags/,true
https://iprice.ph/emme/,true
https://iprice.ph/john-varvatos/eyecare/glasses/,true
https://iprice.ph/taichi/bags/,true
https://iprice.ph/vella/skin-care/,true
https://iprice.ph/zoqi/shoes/boots/winter/,true
https://iprice.ph/anastasia-beverly-hills/jewellery/women/,true
https://iprice.ph/casio/baby-g/watches/men/,true
https://iprice.ph/john-deere/shoes/boots/,true
https://iprice.ph/john-varvatos/eyecare/glasses/,true
https://iprice.ph/rejoice/hair-care/conditioners/,true
https://iprice.ph/taichi/bags/,true
https://iprice.ph/adidas/falcon/shoes/men/,true
https://iprice.ph/softymo/skin-care/,true
https://iprice.ph/taichi/bags/,true
https://iprice.ph/laowa/camera-photo/,true
https://iprice.ph/vella/skin-care/,true
https://iprice.ph/yves-saint-laurent/makeup/accessories/brushes/sets/,true
https://iprice.ph/tdr/shoes/,true
https://iprice.ph/colorful/jewellery/women/bracelets/,true
https://iprice.ph/colorful/jewellery/women/bracelets/,true
https://iprice.ph/ax-paris/clothing/women/dresses/evening-gown/,true
https://iprice.ph/green-apple/clothing/,true
https://iprice.ph/ruyiyu/computing/,true
https://iprice.ph/inflation/clothing/sweaters/,true
https://iprice.ph/keep-diving/bags/,true
https://iprice.ph/keep-diving/bags/,true
https://iprice.ph/dabagirl/clothing/skirts/midi/,true
https://iprice.ph/inflation/clothing/sweaters/,true
https://iprice.ph/jx/phones-tablets/,true
https://iprice.ph/dabagirl/clothing/skirts/midi/,true
https://iprice.ph/mueller/kitchen-dining/cookware/spiralizers/,true
https://iprice.ph/botta-design/makeup/accessories/bags/,true
https://iprice.ph/king/clothing/underwear/bras/,true
https://iprice.ph/suavinex/kitchen-dining/,true
https://iprice.ph/best-seller/kitchen-dining/cookware/pots/,true
https://iprice.ph/eco/housekeeping/floor-care/,true
https://iprice.ph/pilot/kids-clothing/,true
https://iprice.ph/eco/housekeeping/floor-care/,true
https://iprice.ph/mgs/jewellery/bracelets/,true
https://iprice.ph/oen/skin-care/eyes/,true
https://iprice.ph/coleshome/home-office/,true
https://iprice.ph/novams/clothing/hats/,true
https://iprice.ph/gb/clothing/dresses/,true
https://iprice.ph/roro/kitchen-dining/dinnerware/,true
https://iprice.ph/roro/kitchen-dining/dinnerware/,true
https://iprice.ph/princess/hair-care/styling/,true
https://iprice.ph/swissmar/kitchen-dining/knives/specialty/,true
https://iprice.ph/empireera/clothing/muslimah/dresses/,true
https://iprice.ph/rosetta-getty/shoes/women/boots/,true
https://iprice.ph/alpine/clothing/hats/,true
https://iprice.ph/carven%20le%20bain/clothing/women/swimwear/bikinis/,true
https://iprice.ph/novo/phones-tablets/accessories/screen-protectors/,true
https://iprice.ph/xiang-ru/clothing/underwear/bras/,true
https://iprice.ph/artway/tv-video-dvd/hdmi-media-players/,true
https://iprice.ph/bamboo/clothing/sleepwear/,true
https://iprice.ph/carven%20le%20bain/clothing/women/swimwear/bikinis/,true
https://iprice.ph/commune%20de%20paris%201871%20+%20dimanches/clothing/men/,true
https://iprice.ph/nino-danieli/clothing/jackets/,true
https://iprice.ph/kiehls/skin-care/hand/creams/,true
https://iprice.ph/xiang-ru/clothing/underwear/bras/,true
https://iprice.ph/bamboo/clothing/sleepwear/,true
https://iprice.ph/commune%20de%20paris%201871%20+%20dimanches/clothing/men/,true
https://iprice.ph/hkr/shoes/sneakers/,true
https://iprice.ph/sa-wind/shoes/,true
https://iprice.ph/yama/kitchen-dining/tea-pots/,true
https://iprice.ph/carven%20le%20bain/clothing/women/swimwear/bikinis/,true
https://iprice.ph/commune%20de%20paris%201871%20+%20dimanches/clothing/men/,true
https://iprice.ph/nino-danieli/clothing/jackets/,true
https://iprice.ph/produkt/clothing/men/shirts/,true
https://iprice.ph/commune%20de%20paris%201871%20+%20dimanches/clothing/men/,true
https://iprice.ph/dual/watches/,true
https://iprice.ph/gestore/clothing/formal-wear/suits/,true
https://iprice.ph/heimish/skin-care/eyes/masks/,true
https://iprice.ph/home/appliances/fans/portable/,true
https://iprice.ph/chord/computing/accessories/,true
https://iprice.ph/fine/makeup/accessories/brushes/,true
https://iprice.ph/hanyu/adventure/fishing/,true
https://iprice.ph/ryoe/hair-care/shampoos/,true
https://iprice.ph/laneige/makeup/face/,true
https://iprice.ph/laneige/makeup/face/,true
https://iprice.ph/ryoe/hair-care/shampoos/,true
https://iprice.ph/the-balm/makeup/face/,true
https://iprice.ph/the-balm/makeup/face/,true
https://iprice.ph/100/home-decor/decorative-pillows/covers/,true
https://iprice.ph/mentholatum/skin-care/eyes/masks/,true
https://iprice.ph/asus/transformer-book/computing/laptops/touch-screen/,true
https://iprice.ph/inika/makeup/lips/liners/,true
https://iprice.ph/dc-shoes/clothing/men/jackets/,true
https://iprice.ph/barneys-originals/clothing/women/jackets/leathers/,true
https://iprice.ph/harry-potter/clothing/t-shirts/v-neck/,true
https://iprice.ph/clinique/high-impact/makeup/eyes/mascaras/,true
https://iprice.ph/appliances/vacuum-cleaners/?page=2,true
https://iprice.ph/appliances/vacuum-cleaners/?page=2,true
https://iprice.ph/appliances/vacuum-cleaners/?page=2,true
https://iprice.ph/appliances/vacuum-cleaners/?page=2,true
https://iprice.ph/appliances/vacuum-cleaners/?page=2,true
https://iprice.ph/appliances/vacuum-cleaners/?page=2,true
https://iprice.ph/appliances/vacuum-cleaners/?page=2,true
https://iprice.ph/nip-fab/makeup/face/,true
https://iprice.ph/nan-ji-ren/clothing/jackets/,true
https://iprice.ph/pny/elite-performance-sdxc/,true
https://iprice.ph/agent-x/jewellery/necklaces/,true
https://iprice.ph/agent-x/jewellery/necklaces/,true
https://iprice.ph/agent-x/jewellery/necklaces/,true
https://iprice.ph/kobe/shoes/sneakers/,true
https://iprice.ph/cheji/clothing/women/,true
https://iprice.ph/cheji/clothing/women/,true
https://iprice.ph/nike/zoom/racer/%7B%7B%20url%20%7D%7D,true
https://iprice.ph/nike/zoom/racer/%7B%7B%20url%20%7D%7D,true
https://iprice.ph/nike/zoom/racer/%7B%7B%20url%20%7D%7D,true