https://ipricethailand.com/village-11-factory/%E0%B8%9C%E0%B8%A5%E0%B8%95%E0%B8%A0%E0%B8%93%E0%B8%91%E0%B8%94%E0%B9%81%E0%B8%A5%E0%B8%9C%E0%B8%A7/%E0%B9%83%E0%B8%9A%E0%B8%AB%E0%B8%99%E0%B8%B2/,true
https://ipricethailand.com/village-11-factory/%E0%B8%9C%E0%B8%A5%E0%B8%95%E0%B8%A0%E0%B8%93%E0%B8%91%E0%B8%94%E0%B9%81%E0%B8%A5%E0%B8%9C%E0%B8%A7/%E0%B9%83%E0%B8%9A%E0%B8%AB%E0%B8%99%E0%B8%B2/,true
https://ipricethailand.com/amii/%E0%B8%81%E0%B8%A3%E0%B8%B0%E0%B9%80%E0%B8%9B%E0%B8%B2/,true
https://ipricethailand.com/calvin-klein/%E0%B8%99%E0%B8%B2%E0%B8%AC%E0%B8%81%E0%B8%B2%E0%B8%82%E0%B8%AD%E0%B8%A1%E0%B8%AD/%E0%B8%99%E0%B8%B2%E0%B8%AC%E0%B8%81%E0%B8%B2%E0%B8%81%E0%B8%AC%E0%B8%B2/,true
https://ipricethailand.com/converse/all-star/%E0%B8%A3%E0%B8%AD%E0%B8%87%E0%B9%80%E0%B8%97%E0%B8%B2/%E0%B8%81%E0%B8%AC%E0%B8%B2/,true
https://ipricethailand.com/echolac/%E0%B8%81%E0%B8%A3%E0%B8%B0%E0%B9%80%E0%B8%9B%E0%B8%B2/%E0%B8%AA%E0%B8%B3%E0%B8%AB%E0%B8%A3%E0%B8%9A%E0%B9%80%E0%B8%94%E0%B8%99%E0%B8%97%E0%B8%B2%E0%B8%87/,true
https://ipricethailand.com/hoist/%E0%B8%A3%E0%B8%AD%E0%B8%87%E0%B9%80%E0%B8%97%E0%B8%B2/%E0%B8%81%E0%B8%AC%E0%B8%B2/%E0%B8%9A%E0%B8%B2%E0%B8%AA%E0%B9%80%E0%B8%81%E0%B8%95%E0%B8%9A%E0%B8%AD%E0%B8%A5/,true
https://ipricethailand.com/naruko/%E0%B8%9C%E0%B8%A5%E0%B8%95%E0%B8%A0%E0%B8%93%E0%B8%91%E0%B8%94%E0%B9%81%E0%B8%A5%E0%B8%9C%E0%B8%A7/%E0%B9%83%E0%B8%9A%E0%B8%AB%E0%B8%99%E0%B8%B2/,true
https://ipricethailand.com/nautica/%E0%B8%99%E0%B8%B2%E0%B8%AC%E0%B8%81%E0%B8%B2%E0%B8%82%E0%B8%AD%E0%B8%A1%E0%B8%AD/%E0%B8%99%E0%B8%B2%E0%B8%AC%E0%B8%81%E0%B8%B2%E0%B8%81%E0%B8%AC%E0%B8%B2/,true
https://ipricethailand.com/nike/explorer/%E0%B8%A3%E0%B8%AD%E0%B8%87%E0%B9%80%E0%B8%97%E0%B8%B2/%E0%B8%A3%E0%B8%AD%E0%B8%87%E0%B9%80%E0%B8%97%E0%B8%B2%E0%B8%9C%E0%B8%B2%E0%B9%83%E0%B8%9A/,true
https://ipricethailand.com/puma/%E0%B8%99%E0%B8%B2%E0%B8%AC%E0%B8%81%E0%B8%B2%E0%B8%82%E0%B8%AD%E0%B8%A1%E0%B8%AD/%E0%B8%9C%E0%B8%8A%E0%B8%B2%E0%B8%A2/%E0%B8%99%E0%B8%B2%E0%B8%AC%E0%B8%81%E0%B8%B2%E0%B8%81%E0%B8%AC%E0%B8%B2/,true
https://ipricethailand.com/revlon/%E0%B8%9C%E0%B8%A5%E0%B8%95%E0%B8%A0%E0%B8%93%E0%B8%91%E0%B8%94%E0%B9%81%E0%B8%A5%E0%B8%9C%E0%B8%A7/%E0%B9%83%E0%B8%9A%E0%B8%AB%E0%B8%99%E0%B8%B2/%E0%B8%A1%E0%B8%AD%E0%B8%A2%E0%B8%8B%E0%B9%80%E0%B8%88%E0%B8%AD%E0%B9%84%E0%B8%A3%E0%B9%80%E0%B8%8B%E0%B8%AD%E0%B8%A3/,true
https://ipricethailand.com/universal/%E0%B9%80%E0%B8%84%E0%B8%A3%E0%B8%AD%E0%B8%87%E0%B8%9B%E0%B8%A3%E0%B8%B0%E0%B8%94%E0%B8%9A/%E0%B8%AA%E0%B8%A3%E0%B8%AD%E0%B8%A2%E0%B8%84%E0%B8%AD/,true
https://ipricethailand.com/virbac/%E0%B8%AD%E0%B8%9B%E0%B8%81%E0%B8%A3%E0%B8%93%E0%B8%AA%E0%B8%B3%E0%B8%AB%E0%B8%A3%E0%B8%9A%E0%B8%AA%E0%B8%95%E0%B8%A7%E0%B9%80%E0%B8%A5%E0%B8%A2%E0%B8%87/%E0%B9%81%E0%B8%A1%E0%B8%A7/,true
https://ipricethailand.com/amii/%E0%B8%81%E0%B8%A3%E0%B8%B0%E0%B9%80%E0%B8%9B%E0%B8%B2/,true
https://ipricethailand.com/hoist/%E0%B8%A3%E0%B8%AD%E0%B8%87%E0%B9%80%E0%B8%97%E0%B8%B2/%E0%B8%81%E0%B8%AC%E0%B8%B2/%E0%B8%9A%E0%B8%B2%E0%B8%AA%E0%B9%80%E0%B8%81%E0%B8%95%E0%B8%9A%E0%B8%AD%E0%B8%A5/,true
https://ipricethailand.com/naruko/%E0%B8%9C%E0%B8%A5%E0%B8%95%E0%B8%A0%E0%B8%93%E0%B8%91%E0%B8%94%E0%B9%81%E0%B8%A5%E0%B8%9C%E0%B8%A7/%E0%B9%83%E0%B8%9A%E0%B8%AB%E0%B8%99%E0%B8%B2/,true
https://ipricethailand.com/ray-ban/caravan/%E0%B9%80%E0%B8%84%E0%B8%A3%E0%B8%AD%E0%B8%87%E0%B9%81%E0%B8%95%E0%B8%87%E0%B8%81%E0%B8%B2%E0%B8%A2/%E0%B9%81%E0%B8%A7%E0%B8%99%E0%B8%81%E0%B8%99%E0%B9%81%E0%B8%94%E0%B8%94/,true
https://ipricethailand.com/elf/%E0%B9%80%E0%B8%84%E0%B8%A3%E0%B8%AD%E0%B8%87%E0%B8%AA%E0%B8%B3%E0%B8%AD%E0%B8%B2%E0%B8%87/%E0%B9%83%E0%B8%9A%E0%B8%AB%E0%B8%99%E0%B8%B2/%E0%B8%84%E0%B8%AD%E0%B8%99%E0%B8%8B%E0%B8%A5%E0%B9%80%E0%B8%A5%E0%B8%AD%E0%B8%A3/,true
https://ipricethailand.com/fancy-fashion/%E0%B9%80%E0%B8%84%E0%B8%A3%E0%B8%AD%E0%B8%87%E0%B9%81%E0%B8%95%E0%B8%87%E0%B8%81%E0%B8%B2%E0%B8%A2/%E0%B8%8A%E0%B8%94%E0%B8%AA%E0%B8%A0%E0%B8%B2%E0%B8%9E/%E0%B8%81%E0%B8%B2%E0%B8%87%E0%B9%80%E0%B8%81%E0%B8%87%E0%B8%82%E0%B8%B2%E0%B8%A2%E0%B8%B2%E0%B8%A7/,true
https://ipricethailand.com/hoist/%E0%B8%A3%E0%B8%AD%E0%B8%87%E0%B9%80%E0%B8%97%E0%B8%B2/%E0%B8%81%E0%B8%AC%E0%B8%B2/%E0%B8%9A%E0%B8%B2%E0%B8%AA%E0%B9%80%E0%B8%81%E0%B8%95%E0%B8%9A%E0%B8%AD%E0%B8%A5/,true
https://ipricethailand.com/naruko/%E0%B8%9C%E0%B8%A5%E0%B8%95%E0%B8%A0%E0%B8%93%E0%B8%91%E0%B8%94%E0%B9%81%E0%B8%A5%E0%B8%9C%E0%B8%A7/%E0%B9%83%E0%B8%9A%E0%B8%AB%E0%B8%99%E0%B8%B2/,true
https://ipricethailand.com/naruko/%E0%B8%9C%E0%B8%A5%E0%B8%95%E0%B8%A0%E0%B8%93%E0%B8%91%E0%B8%94%E0%B9%81%E0%B8%A5%E0%B8%9C%E0%B8%A7/%E0%B9%83%E0%B8%9A%E0%B8%AB%E0%B8%99%E0%B8%B2/,true
https://ipricethailand.com/hoist/%E0%B8%A3%E0%B8%AD%E0%B8%87%E0%B9%80%E0%B8%97%E0%B8%B2/%E0%B8%81%E0%B8%AC%E0%B8%B2/%E0%B8%9A%E0%B8%B2%E0%B8%AA%E0%B9%80%E0%B8%81%E0%B8%95%E0%B8%9A%E0%B8%AD%E0%B8%A5/,true
https://ipricethailand.com/naruko/%E0%B8%9C%E0%B8%A5%E0%B8%95%E0%B8%A0%E0%B8%93%E0%B8%91%E0%B8%94%E0%B9%81%E0%B8%A5%E0%B8%9C%E0%B8%A7/%E0%B9%83%E0%B8%9A%E0%B8%AB%E0%B8%99%E0%B8%B2/,true
https://ipricethailand.com/%E0%B8%A3%E0%B8%B2%E0%B8%84%E0%B8%B2/western-digital-my-book-duo-12tb/,true
https://ipricethailand.com/andalou-naturals/%E0%B8%9C%E0%B8%A5%E0%B8%95%E0%B8%A0%E0%B8%93%E0%B8%91%E0%B8%94%E0%B9%81%E0%B8%A5%E0%B8%9C%E0%B8%A7/%E0%B9%83%E0%B8%9A%E0%B8%AB%E0%B8%99%E0%B8%B2/,true
https://ipricethailand.com/avengers/%E0%B8%AB%E0%B8%AD%E0%B8%87%E0%B8%99%E0%B8%AD%E0%B8%99/%E0%B8%97%E0%B8%99%E0%B8%AD%E0%B8%99/%E0%B8%9C%E0%B8%B2%E0%B8%9B%E0%B8%97%E0%B8%99%E0%B8%AD%E0%B8%99/,true
https://ipricethailand.com/bioderma/%E0%B8%9C%E0%B8%A5%E0%B8%95%E0%B8%A0%E0%B8%93%E0%B8%91%E0%B8%94%E0%B9%81%E0%B8%A5%E0%B8%9C%E0%B8%A7/%E0%B9%83%E0%B8%9A%E0%B8%AB%E0%B8%99%E0%B8%B2/,true
https://ipricethailand.com/birkenstock/mayari/%E0%B8%9C%E0%B8%8A%E0%B8%B2%E0%B8%A2/,true
https://ipricethailand.com/mamonde/%E0%B8%9C%E0%B8%A5%E0%B8%95%E0%B8%A0%E0%B8%93%E0%B8%91%E0%B8%94%E0%B9%81%E0%B8%A5%E0%B8%9C%E0%B8%A7/%E0%B8%9C%E0%B8%AB%E0%B8%8D%E0%B8%87/%E0%B9%83%E0%B8%9A%E0%B8%AB%E0%B8%99%E0%B8%B2/,true
https://ipricethailand.com/morphe/%E0%B9%80%E0%B8%84%E0%B8%A3%E0%B8%AD%E0%B8%87%E0%B8%AA%E0%B8%B3%E0%B8%AD%E0%B8%B2%E0%B8%87/%E0%B8%94%E0%B8%A7%E0%B8%87%E0%B8%95%E0%B8%B2/,true
https://ipricethailand.com/nivea/%E0%B8%9C%E0%B8%A5%E0%B8%95%E0%B8%A0%E0%B8%93%E0%B8%91%E0%B8%94%E0%B9%81%E0%B8%A5%E0%B8%9C%E0%B8%A7/%E0%B9%83%E0%B8%9A%E0%B8%AB%E0%B8%99%E0%B8%B2/,true
https://ipricethailand.com/visions/%E0%B8%AB%E0%B8%AD%E0%B8%87%E0%B8%84%E0%B8%A3%E0%B8%A7%E0%B9%81%E0%B8%A5%E0%B8%B0%E0%B8%AB%E0%B8%AD%E0%B8%87%E0%B8%A3%E0%B8%9A%E0%B8%9B%E0%B8%A3%E0%B8%B0%E0%B8%97%E0%B8%B2%E0%B8%99%E0%B8%AD%E0%B8%B2%E0%B8%AB%E0%B8%B2%E0%B8%A3/%E0%B9%80%E0%B8%84%E0%B8%A3%E0%B8%AD%E0%B8%87%E0%B8%84%E0%B8%A3%E0%B8%A7/%E0%B8%AB%E0%B8%A1%E0%B8%AD/,true
https://ipricethailand.com/bioderma/%E0%B8%9C%E0%B8%A5%E0%B8%95%E0%B8%A0%E0%B8%93%E0%B8%91%E0%B8%94%E0%B9%81%E0%B8%A5%E0%B8%9C%E0%B8%A7/%E0%B9%83%E0%B8%9A%E0%B8%AB%E0%B8%99%E0%B8%B2/,true
https://ipricethailand.com/morphe/%E0%B9%80%E0%B8%84%E0%B8%A3%E0%B8%AD%E0%B8%87%E0%B8%AA%E0%B8%B3%E0%B8%AD%E0%B8%B2%E0%B8%87/%E0%B8%94%E0%B8%A7%E0%B8%87%E0%B8%95%E0%B8%B2/,true
https://ipricethailand.com/nivea/%E0%B8%9C%E0%B8%A5%E0%B8%95%E0%B8%A0%E0%B8%93%E0%B8%91%E0%B8%94%E0%B9%81%E0%B8%A5%E0%B8%9C%E0%B8%A7/%E0%B9%83%E0%B8%9A%E0%B8%AB%E0%B8%99%E0%B8%B2/,true
https://ipricethailand.com/16-brand/%E0%B9%80%E0%B8%84%E0%B8%A3%E0%B8%AD%E0%B8%87%E0%B8%AA%E0%B8%B3%E0%B8%AD%E0%B8%B2%E0%B8%87/%E0%B8%94%E0%B8%A7%E0%B8%87%E0%B8%95%E0%B8%B2/,true
https://ipricethailand.com/andalou-naturals/%E0%B8%9C%E0%B8%A5%E0%B8%95%E0%B8%A0%E0%B8%93%E0%B8%91%E0%B8%94%E0%B9%81%E0%B8%A5%E0%B8%9C%E0%B8%A7/%E0%B9%83%E0%B8%9A%E0%B8%AB%E0%B8%99%E0%B8%B2/,true
https://ipricethailand.com/esogoal/%E0%B8%81%E0%B8%A3%E0%B8%B0%E0%B9%80%E0%B8%9B%E0%B8%B2/%E0%B8%81%E0%B8%99%E0%B8%99%E0%B8%B3/,true
https://ipricethailand.com/ih-nom-uh-nit/%E0%B9%80%E0%B8%84%E0%B8%A3%E0%B8%AD%E0%B8%87%E0%B9%81%E0%B8%95%E0%B8%87%E0%B8%81%E0%B8%B2%E0%B8%A2/%E0%B8%9C%E0%B8%8A%E0%B8%B2%E0%B8%A2/%E0%B9%80%E0%B8%AA%E0%B8%AD%E0%B8%AE%E0%B8%94/,true
https://ipricethailand.com/morphe/%E0%B9%80%E0%B8%84%E0%B8%A3%E0%B8%AD%E0%B8%87%E0%B8%AA%E0%B8%B3%E0%B8%AD%E0%B8%B2%E0%B8%87/%E0%B8%94%E0%B8%A7%E0%B8%87%E0%B8%95%E0%B8%B2/,true
https://ipricethailand.com/nivea/%E0%B8%9C%E0%B8%A5%E0%B8%95%E0%B8%A0%E0%B8%93%E0%B8%91%E0%B8%94%E0%B9%81%E0%B8%A5%E0%B8%9C%E0%B8%A7/%E0%B9%83%E0%B8%9A%E0%B8%AB%E0%B8%99%E0%B8%B2/,true
https://ipricethailand.com/visions/%E0%B8%AB%E0%B8%AD%E0%B8%87%E0%B8%84%E0%B8%A3%E0%B8%A7%E0%B9%81%E0%B8%A5%E0%B8%B0%E0%B8%AB%E0%B8%AD%E0%B8%87%E0%B8%A3%E0%B8%9A%E0%B8%9B%E0%B8%A3%E0%B8%B0%E0%B8%97%E0%B8%B2%E0%B8%99%E0%B8%AD%E0%B8%B2%E0%B8%AB%E0%B8%B2%E0%B8%A3/%E0%B9%80%E0%B8%84%E0%B8%A3%E0%B8%AD%E0%B8%87%E0%B8%84%E0%B8%A3%E0%B8%A7/%E0%B8%AB%E0%B8%A1%E0%B8%AD/,true
https://ipricethailand.com/adidas/ultraboost/laceless/,true
https://ipricethailand.com/morphe/%E0%B9%80%E0%B8%84%E0%B8%A3%E0%B8%AD%E0%B8%87%E0%B8%AA%E0%B8%B3%E0%B8%AD%E0%B8%B2%E0%B8%87/%E0%B8%94%E0%B8%A7%E0%B8%87%E0%B8%95%E0%B8%B2/,true
https://ipricethailand.com/nivea/%E0%B8%9C%E0%B8%A5%E0%B8%95%E0%B8%A0%E0%B8%93%E0%B8%91%E0%B8%94%E0%B9%81%E0%B8%A5%E0%B8%9C%E0%B8%A7/%E0%B9%83%E0%B8%9A%E0%B8%AB%E0%B8%99%E0%B8%B2/,true
https://ipricethailand.com/adidas/ultraboost/laceless/,true
https://ipricethailand.com/andalou-naturals/%E0%B8%9C%E0%B8%A5%E0%B8%95%E0%B8%A0%E0%B8%93%E0%B8%91%E0%B8%94%E0%B9%81%E0%B8%A5%E0%B8%9C%E0%B8%A7/%E0%B9%83%E0%B8%9A%E0%B8%AB%E0%B8%99%E0%B8%B2/,true
https://ipricethailand.com/bioderma/%E0%B8%9C%E0%B8%A5%E0%B8%95%E0%B8%A0%E0%B8%93%E0%B8%91%E0%B8%94%E0%B9%81%E0%B8%A5%E0%B8%9C%E0%B8%A7/%E0%B9%83%E0%B8%9A%E0%B8%AB%E0%B8%99%E0%B8%B2/,true
https://ipricethailand.com/ih-nom-uh-nit/%E0%B9%80%E0%B8%84%E0%B8%A3%E0%B8%AD%E0%B8%87%E0%B9%81%E0%B8%95%E0%B8%87%E0%B8%81%E0%B8%B2%E0%B8%A2/%E0%B8%9C%E0%B8%8A%E0%B8%B2%E0%B8%A2/%E0%B9%80%E0%B8%AA%E0%B8%AD%E0%B8%AE%E0%B8%94/,true
https://ipricethailand.com/morphe/%E0%B9%80%E0%B8%84%E0%B8%A3%E0%B8%AD%E0%B8%87%E0%B8%AA%E0%B8%B3%E0%B8%AD%E0%B8%B2%E0%B8%87/%E0%B8%94%E0%B8%A7%E0%B8%87%E0%B8%95%E0%B8%B2/,true
https://ipricethailand.com/nike/lunarglide/%E0%B8%A3%E0%B8%AD%E0%B8%87%E0%B9%80%E0%B8%97%E0%B8%B2/%E0%B8%9C%E0%B8%8A%E0%B8%B2%E0%B8%A2/%E0%B8%81%E0%B8%AC%E0%B8%B2/%E0%B8%AA%E0%B8%B3%E0%B8%AB%E0%B8%A3%E0%B8%9A%E0%B8%A7%E0%B8%87/,true
https://ipricethailand.com/nivea/%E0%B8%9C%E0%B8%A5%E0%B8%95%E0%B8%A0%E0%B8%93%E0%B8%91%E0%B8%94%E0%B9%81%E0%B8%A5%E0%B8%9C%E0%B8%A7/%E0%B9%83%E0%B8%9A%E0%B8%AB%E0%B8%99%E0%B8%B2/,true
https://ipricethailand.com/adidas/ultraboost/laceless/,true
https://ipricethailand.com/bioderma/%E0%B8%9C%E0%B8%A5%E0%B8%95%E0%B8%A0%E0%B8%93%E0%B8%91%E0%B8%94%E0%B9%81%E0%B8%A5%E0%B8%9C%E0%B8%A7/%E0%B9%83%E0%B8%9A%E0%B8%AB%E0%B8%99%E0%B8%B2/,true
https://ipricethailand.com/iope/%E0%B8%9C%E0%B8%A5%E0%B8%95%E0%B8%A0%E0%B8%93%E0%B8%91%E0%B8%94%E0%B9%81%E0%B8%A5%E0%B8%9C%E0%B8%A7/%E0%B8%9C%E0%B8%AB%E0%B8%8D%E0%B8%87/%E0%B9%83%E0%B8%9A%E0%B8%AB%E0%B8%99%E0%B8%B2/,true
https://ipricethailand.com/adidas/springblade/pro/%E0%B8%A3%E0%B8%AD%E0%B8%87%E0%B9%80%E0%B8%97%E0%B8%B2/%E0%B8%81%E0%B8%AC%E0%B8%B2/,true
https://ipricethailand.com/birkenstock/%E0%B8%A3%E0%B8%AD%E0%B8%87%E0%B9%80%E0%B8%97%E0%B8%B2/%E0%B8%9C%E0%B8%8A%E0%B8%B2%E0%B8%A2/%E0%B9%81%E0%B8%95%E0%B8%B0%E0%B8%AB%E0%B8%99%E0%B8%9A/,true
https://ipricethailand.com/birkenstock/%E0%B8%A3%E0%B8%AD%E0%B8%87%E0%B9%80%E0%B8%97%E0%B8%B2/%E0%B8%9C%E0%B8%8A%E0%B8%B2%E0%B8%A2/%E0%B9%81%E0%B8%95%E0%B8%B0%E0%B8%AB%E0%B8%99%E0%B8%9A/,true
https://ipricethailand.com/dooney-bourke/%E0%B8%81%E0%B8%A3%E0%B8%B0%E0%B9%80%E0%B8%9B%E0%B8%B2/%E0%B8%81%E0%B8%A3%E0%B8%B0%E0%B9%80%E0%B8%9B%E0%B8%B2%E0%B8%AA%E0%B8%B0%E0%B8%9E%E0%B8%B2%E0%B8%A2/%E0%B8%AA%E0%B8%B0%E0%B8%9E%E0%B8%B2%E0%B8%A2%E0%B9%84%E0%B8%AB%E0%B8%A5/,true
https://ipricethailand.com/loreal-professionnel/%E0%B8%9C%E0%B8%A5%E0%B8%95%E0%B8%A0%E0%B8%93%E0%B8%91%E0%B8%94%E0%B9%81%E0%B8%A5%E0%B8%9C%E0%B8%A7/,true
https://ipricethailand.com/earth-mama/%E0%B8%9C%E0%B8%A5%E0%B8%95%E0%B8%A0%E0%B8%93%E0%B8%91%E0%B8%94%E0%B9%81%E0%B8%A5%E0%B8%9C%E0%B8%A7/%E0%B9%83%E0%B8%9A%E0%B8%AB%E0%B8%99%E0%B8%B2/,true
https://ipricethailand.com/loreal-professionnel/%E0%B8%9C%E0%B8%A5%E0%B8%95%E0%B8%A0%E0%B8%93%E0%B8%91%E0%B8%94%E0%B9%81%E0%B8%A5%E0%B8%9C%E0%B8%A7/,true
https://ipricethailand.com/skin-doctors/%E0%B8%9C%E0%B8%A5%E0%B8%95%E0%B8%A0%E0%B8%93%E0%B8%91%E0%B8%94%E0%B9%81%E0%B8%A5%E0%B8%9C%E0%B8%A7/%E0%B9%83%E0%B8%9A%E0%B8%AB%E0%B8%99%E0%B8%B2/,true
https://ipricethailand.com/birkenstock/%E0%B8%A3%E0%B8%AD%E0%B8%87%E0%B9%80%E0%B8%97%E0%B8%B2/%E0%B8%9C%E0%B8%8A%E0%B8%B2%E0%B8%A2/%E0%B9%81%E0%B8%95%E0%B8%B0%E0%B8%AB%E0%B8%99%E0%B8%9A/,true
https://ipricethailand.com/loreal-professionnel/%E0%B8%9C%E0%B8%A5%E0%B8%95%E0%B8%A0%E0%B8%93%E0%B8%91%E0%B8%94%E0%B9%81%E0%B8%A5%E0%B8%9C%E0%B8%A7/,true
https://ipricethailand.com/coach/%E0%B8%81%E0%B8%A3%E0%B8%B0%E0%B9%80%E0%B8%9B%E0%B8%B2/%E0%B8%9C%E0%B8%AB%E0%B8%8D%E0%B8%87/%E0%B8%AD%E0%B8%9B%E0%B8%81%E0%B8%A3%E0%B8%93%E0%B9%80%E0%B8%AA%E0%B8%A3%E0%B8%A1/,true
https://ipricethailand.com/under-armour/threadborne/%E0%B9%80%E0%B8%84%E0%B8%A3%E0%B8%AD%E0%B8%87%E0%B9%81%E0%B8%95%E0%B8%87%E0%B8%81%E0%B8%B2%E0%B8%A2/%E0%B9%80%E0%B8%AA%E0%B8%AD%E0%B8%A2%E0%B8%94/,true
https://ipricethailand.com/under-armour/threadborne/%E0%B9%80%E0%B8%84%E0%B8%A3%E0%B8%AD%E0%B8%87%E0%B9%81%E0%B8%95%E0%B8%87%E0%B8%81%E0%B8%B2%E0%B8%A2/%E0%B9%80%E0%B8%AA%E0%B8%AD%E0%B8%A2%E0%B8%94/,true
https://ipricethailand.com/vanguard/%E0%B8%87%E0%B8%B2%E0%B8%99%E0%B8%AD%E0%B8%94%E0%B9%80%E0%B8%A3%E0%B8%81/%E0%B8%AB%E0%B8%99%E0%B8%87%E0%B8%AA%E0%B8%AD/,true
https://ipricethailand.com/coach/%E0%B8%81%E0%B8%A3%E0%B8%B0%E0%B9%80%E0%B8%9B%E0%B8%B2/%E0%B8%9C%E0%B8%AB%E0%B8%8D%E0%B8%87/%E0%B8%AD%E0%B8%9B%E0%B8%81%E0%B8%A3%E0%B8%93%E0%B9%80%E0%B8%AA%E0%B8%A3%E0%B8%A1/,true
https://ipricethailand.com/supor/%E0%B9%80%E0%B8%84%E0%B8%A3%E0%B8%AD%E0%B8%87%E0%B9%83%E0%B8%8A%E0%B9%84%E0%B8%9F%E0%B8%9F%E0%B8%B2/%E0%B8%81%E0%B8%B2%E0%B8%95%E0%B8%A1%E0%B8%99%E0%B8%B3%E0%B9%84%E0%B8%9F%E0%B8%9F%E0%B8%B2/,true
https://ipricethailand.com/supor/%E0%B9%80%E0%B8%84%E0%B8%A3%E0%B8%AD%E0%B8%87%E0%B9%83%E0%B8%8A%E0%B9%84%E0%B8%9F%E0%B8%9F%E0%B8%B2/%E0%B8%81%E0%B8%B2%E0%B8%95%E0%B8%A1%E0%B8%99%E0%B8%B3%E0%B9%84%E0%B8%9F%E0%B8%9F%E0%B8%B2/,true
https://ipricethailand.com/supor/%E0%B9%80%E0%B8%84%E0%B8%A3%E0%B8%AD%E0%B8%87%E0%B9%83%E0%B8%8A%E0%B9%84%E0%B8%9F%E0%B8%9F%E0%B8%B2/%E0%B8%81%E0%B8%B2%E0%B8%95%E0%B8%A1%E0%B8%99%E0%B8%B3%E0%B9%84%E0%B8%9F%E0%B8%9F%E0%B8%B2/,true
https://ipricethailand.com/tesco/%E0%B8%81%E0%B8%A3%E0%B8%B0%E0%B9%80%E0%B8%9B%E0%B8%B2/%E0%B8%81%E0%B8%A3%E0%B8%B0%E0%B9%80%E0%B8%9B%E0%B8%B2%E0%B8%AA%E0%B8%B0%E0%B8%9E%E0%B8%B2%E0%B8%A2/,true
https://ipricethailand.com/thomas/%E0%B8%82%E0%B8%AD%E0%B8%87%E0%B9%80%E0%B8%A5%E0%B8%99/,true
https://ipricethailand.com/nike/%E0%B9%80%E0%B8%84%E0%B8%A3%E0%B8%AD%E0%B8%87%E0%B9%81%E0%B8%95%E0%B8%87%E0%B8%81%E0%B8%B2%E0%B8%A2%E0%B8%AA%E0%B8%B3%E0%B8%AB%E0%B8%A3%E0%B8%9A%E0%B9%80%E0%B8%94%E0%B8%81/%E0%B8%9C%E0%B8%8A%E0%B8%B2%E0%B8%A2/,true
https://ipricethailand.com/woolite/%E0%B8%AD%E0%B8%9B%E0%B8%81%E0%B8%A3%E0%B8%93%E0%B8%97%E0%B8%B3%E0%B8%84%E0%B8%A7%E0%B8%B2%E0%B8%A1%E0%B8%AA%E0%B8%B0%E0%B8%AD%E0%B8%B2%E0%B8%94%E0%B8%9A%E0%B8%B2%E0%B8%99/%E0%B8%94%E0%B9%81%E0%B8%A5%E0%B9%80%E0%B8%AA%E0%B8%AD%E0%B8%9C%E0%B8%B2/,true
https://ipricethailand.com/dolce-gabbana/%E0%B8%81%E0%B8%A3%E0%B8%B0%E0%B9%80%E0%B8%9B%E0%B8%B2/%E0%B8%9C%E0%B8%AB%E0%B8%8D%E0%B8%87/%E0%B8%81%E0%B8%A3%E0%B8%B0%E0%B9%80%E0%B8%9B%E0%B8%B2%E0%B8%96%E0%B8%AD/%E0%B8%81%E0%B8%A3%E0%B8%B0%E0%B9%80%E0%B8%9B%E0%B8%B2%E0%B8%84%E0%B8%A5%E0%B8%97%E0%B8%8A/,true
https://ipricethailand.com/dolce-gabbana/%E0%B8%81%E0%B8%A3%E0%B8%B0%E0%B9%80%E0%B8%9B%E0%B8%B2/%E0%B8%9C%E0%B8%AB%E0%B8%8D%E0%B8%87/%E0%B8%81%E0%B8%A3%E0%B8%B0%E0%B9%80%E0%B8%9B%E0%B8%B2%E0%B8%96%E0%B8%AD/%E0%B8%81%E0%B8%A3%E0%B8%B0%E0%B9%80%E0%B8%9B%E0%B8%B2%E0%B8%84%E0%B8%A5%E0%B8%97%E0%B8%8A/,true
https://ipricethailand.com/nike/%E0%B9%80%E0%B8%84%E0%B8%A3%E0%B8%AD%E0%B8%87%E0%B9%81%E0%B8%95%E0%B8%87%E0%B8%81%E0%B8%B2%E0%B8%A2%E0%B8%AA%E0%B8%B3%E0%B8%AB%E0%B8%A3%E0%B8%9A%E0%B9%80%E0%B8%94%E0%B8%81/%E0%B8%9C%E0%B8%8A%E0%B8%B2%E0%B8%A2/,true
https://ipricethailand.com/adidas/barricade/classic-bounce/%E0%B8%9C%E0%B8%8A%E0%B8%B2%E0%B8%A2/,true
https://ipricethailand.com/adidas/ultraboost/uncaged/%E0%B8%A3%E0%B8%AD%E0%B8%87%E0%B9%80%E0%B8%97%E0%B8%B2/%E0%B8%81%E0%B8%AC%E0%B8%B2/%E0%B8%AA%E0%B8%B3%E0%B8%AB%E0%B8%A3%E0%B8%9A%E0%B8%A7%E0%B8%87/,true
https://ipricethailand.com/anmum/,true
https://ipricethailand.com/citra/%E0%B8%9C%E0%B8%A5%E0%B8%95%E0%B8%A0%E0%B8%93%E0%B8%91%E0%B8%94%E0%B9%81%E0%B8%A5%E0%B8%9C%E0%B8%A7/%E0%B9%83%E0%B8%9A%E0%B8%AB%E0%B8%99%E0%B8%B2/%E0%B8%A1%E0%B8%AD%E0%B8%A2%E0%B8%8B%E0%B9%80%E0%B8%88%E0%B8%AD%E0%B9%84%E0%B8%A3%E0%B9%80%E0%B8%8B%E0%B8%AD%E0%B8%A3/,true
https://ipricethailand.com/colgate/%E0%B8%9C%E0%B8%A5%E0%B8%95%E0%B8%A0%E0%B8%93%E0%B8%91%E0%B8%94%E0%B9%81%E0%B8%A5%E0%B8%8A%E0%B8%AD%E0%B8%87%E0%B8%9B%E0%B8%B2%E0%B8%81/%E0%B9%84%E0%B8%AB%E0%B8%A1%E0%B8%82%E0%B8%94%E0%B8%9F%E0%B8%99/,true
https://ipricethailand.com/cussons/%E0%B8%AD%E0%B8%9B%E0%B8%81%E0%B8%A3%E0%B8%93%E0%B8%AA%E0%B8%B3%E0%B8%AB%E0%B8%A3%E0%B8%9A%E0%B8%81%E0%B8%B2%E0%B8%A3%E0%B9%80%E0%B8%9B%E0%B8%A5%E0%B8%A2%E0%B8%99%E0%B8%9C%E0%B8%B2%E0%B8%AD%E0%B8%AD%E0%B8%A1/,true
https://ipricethailand.com/la-colors/%E0%B9%80%E0%B8%84%E0%B8%A3%E0%B8%AD%E0%B8%87%E0%B8%AA%E0%B8%B3%E0%B8%AD%E0%B8%B2%E0%B8%87/%E0%B9%83%E0%B8%9A%E0%B8%AB%E0%B8%99%E0%B8%B2/%E0%B8%A3%E0%B8%AD%E0%B8%87%E0%B8%9E%E0%B8%99/,true
https://ipricethailand.com/sensodyne/%E0%B8%9C%E0%B8%A5%E0%B8%95%E0%B8%A0%E0%B8%93%E0%B8%91%E0%B8%94%E0%B9%81%E0%B8%A5%E0%B8%8A%E0%B8%AD%E0%B8%87%E0%B8%9B%E0%B8%B2%E0%B8%81/%E0%B8%99%E0%B8%B3%E0%B8%A2%E0%B8%B2%E0%B8%9A%E0%B8%A7%E0%B8%99%E0%B8%9B%E0%B8%B2%E0%B8%81/,true
https://ipricethailand.com/spovan/%E0%B8%99%E0%B8%B2%E0%B8%AC%E0%B8%81%E0%B8%B2%E0%B8%82%E0%B8%AD%E0%B8%A1%E0%B8%AD/%E0%B8%99%E0%B8%B2%E0%B8%AC%E0%B8%81%E0%B8%B2%E0%B8%94%E0%B8%88%E0%B8%95%E0%B8%AD%E0%B8%A5/,true
https://ipricethailand.com/st-james/,true
https://ipricethailand.com/adidas/barricade/classic-bounce/%E0%B8%9C%E0%B8%8A%E0%B8%B2%E0%B8%A2/,true
https://ipricethailand.com/colgate/%E0%B8%9C%E0%B8%A5%E0%B8%95%E0%B8%A0%E0%B8%93%E0%B8%91%E0%B8%94%E0%B9%81%E0%B8%A5%E0%B8%8A%E0%B8%AD%E0%B8%87%E0%B8%9B%E0%B8%B2%E0%B8%81/%E0%B9%84%E0%B8%AB%E0%B8%A1%E0%B8%82%E0%B8%94%E0%B8%9F%E0%B8%99/,true
https://ipricethailand.com/home/%E0%B8%9C%E0%B8%A5%E0%B8%95%E0%B8%A0%E0%B8%93%E0%B8%91%E0%B8%94%E0%B9%81%E0%B8%A5%E0%B9%81%E0%B8%A5%E0%B8%B0%E0%B8%97%E0%B8%B3%E0%B8%84%E0%B8%A7%E0%B8%B2%E0%B8%A1%E0%B8%AA%E0%B8%B0%E0%B8%AD%E0%B8%B2%E0%B8%94%E0%B8%9C%E0%B8%A7%E0%B8%81%E0%B8%B2%E0%B8%A2/,true
https://ipricethailand.com/majestic/%E0%B8%82%E0%B8%AD%E0%B8%87%E0%B8%95%E0%B8%81%E0%B9%81%E0%B8%95%E0%B8%87%E0%B8%9A%E0%B8%B2%E0%B8%99/%E0%B8%AD%E0%B8%99%E0%B9%86/%E0%B9%80%E0%B8%97%E0%B8%A2%E0%B8%99/,true
https://ipricethailand.com/nike/zoom/stefan-janoski/%E0%B8%A3%E0%B8%AD%E0%B8%87%E0%B9%80%E0%B8%97%E0%B8%B2/,true
https://ipricethailand.com/orla-kiely/%E0%B8%81%E0%B8%A3%E0%B8%B0%E0%B9%80%E0%B8%9B%E0%B8%B2/%E0%B8%AA%E0%B8%B3%E0%B8%AB%E0%B8%A3%E0%B8%9A%E0%B9%80%E0%B8%94%E0%B8%99%E0%B8%97%E0%B8%B2%E0%B8%87/,true
https://ipricethailand.com/sprite/,true
https://ipricethailand.com/st-james/,true
https://ipricethailand.com/adidas/ultraboost/uncaged/%E0%B8%A3%E0%B8%AD%E0%B8%87%E0%B9%80%E0%B8%97%E0%B8%B2/%E0%B8%81%E0%B8%AC%E0%B8%B2/%E0%B8%AA%E0%B8%B3%E0%B8%AB%E0%B8%A3%E0%B8%9A%E0%B8%A7%E0%B8%87/,true
https://ipricethailand.com/anmum/,true
https://ipricethailand.com/colgate/%E0%B8%9C%E0%B8%A5%E0%B8%95%E0%B8%A0%E0%B8%93%E0%B8%91%E0%B8%94%E0%B9%81%E0%B8%A5%E0%B8%8A%E0%B8%AD%E0%B8%87%E0%B8%9B%E0%B8%B2%E0%B8%81/%E0%B9%84%E0%B8%AB%E0%B8%A1%E0%B8%82%E0%B8%94%E0%B8%9F%E0%B8%99/,true
https://ipricethailand.com/pelican/%E0%B8%81%E0%B8%A3%E0%B8%B0%E0%B9%80%E0%B8%9B%E0%B8%B2/%E0%B9%80%E0%B8%9B%E0%B8%AA%E0%B8%B0%E0%B8%9E%E0%B8%B2%E0%B8%A2%E0%B8%AB%E0%B8%A5%E0%B8%87/,true
https://ipricethailand.com/spovan/%E0%B8%99%E0%B8%B2%E0%B8%AC%E0%B8%81%E0%B8%B2%E0%B8%82%E0%B8%AD%E0%B8%A1%E0%B8%AD/%E0%B8%99%E0%B8%B2%E0%B8%AC%E0%B8%81%E0%B8%B2%E0%B8%94%E0%B8%88%E0%B8%95%E0%B8%AD%E0%B8%A5/,true
https://ipricethailand.com/sprite/,true
https://ipricethailand.com/st-james/,true
https://ipricethailand.com/v2/%E0%B8%9C%E0%B8%A5%E0%B8%95%E0%B8%A0%E0%B8%93%E0%B8%91%E0%B8%94%E0%B9%81%E0%B8%A5%E0%B8%9C%E0%B8%A7/%E0%B9%83%E0%B8%9A%E0%B8%AB%E0%B8%99%E0%B8%B2/,true
https://ipricethailand.com/beyond/%E0%B9%80%E0%B8%84%E0%B8%A3%E0%B8%AD%E0%B8%87%E0%B9%81%E0%B8%95%E0%B8%87%E0%B8%81%E0%B8%B2%E0%B8%A2/%E0%B9%80%E0%B8%AA%E0%B8%AD%E0%B8%95%E0%B8%A7%E0%B8%9A%E0%B8%99/%E0%B9%80%E0%B8%AA%E0%B8%AD%E0%B8%9C%E0%B8%AB%E0%B8%8D%E0%B8%87/,true
https://ipricethailand.com/la-colors/%E0%B9%80%E0%B8%84%E0%B8%A3%E0%B8%AD%E0%B8%87%E0%B8%AA%E0%B8%B3%E0%B8%AD%E0%B8%B2%E0%B8%87/%E0%B9%83%E0%B8%9A%E0%B8%AB%E0%B8%99%E0%B8%B2/%E0%B8%A3%E0%B8%AD%E0%B8%87%E0%B8%9E%E0%B8%99/,true
https://ipricethailand.com/spovan/%E0%B8%99%E0%B8%B2%E0%B8%AC%E0%B8%81%E0%B8%B2%E0%B8%82%E0%B8%AD%E0%B8%A1%E0%B8%AD/%E0%B8%99%E0%B8%B2%E0%B8%AC%E0%B8%81%E0%B8%B2%E0%B8%94%E0%B8%88%E0%B8%95%E0%B8%AD%E0%B8%A5/,true
https://ipricethailand.com/wmf/%E0%B8%AB%E0%B8%AD%E0%B8%87%E0%B8%84%E0%B8%A3%E0%B8%A7%E0%B9%81%E0%B8%A5%E0%B8%B0%E0%B8%AB%E0%B8%AD%E0%B8%87%E0%B8%A3%E0%B8%9A%E0%B8%9B%E0%B8%A3%E0%B8%B0%E0%B8%97%E0%B8%B2%E0%B8%99%E0%B8%AD%E0%B8%B2%E0%B8%AB%E0%B8%B2%E0%B8%A3/%E0%B8%A1%E0%B8%94%E0%B8%97%E0%B8%B3%E0%B8%84%E0%B8%A3%E0%B8%A7/%E0%B8%8A%E0%B8%94%E0%B9%80%E0%B8%8B%E0%B8%97/,true
https://ipricethailand.com/anmum/,true
https://ipricethailand.com/lee/%E0%B9%80%E0%B8%84%E0%B8%A3%E0%B8%AD%E0%B8%87%E0%B9%81%E0%B8%95%E0%B8%87%E0%B8%81%E0%B8%B2%E0%B8%A2/%E0%B9%80%E0%B8%AA%E0%B8%AD%E0%B8%95%E0%B8%A7%E0%B8%9A%E0%B8%99/,true
https://ipricethailand.com/pelican/%E0%B8%81%E0%B8%A3%E0%B8%B0%E0%B9%80%E0%B8%9B%E0%B8%B2/%E0%B9%80%E0%B8%9B%E0%B8%AA%E0%B8%B0%E0%B8%9E%E0%B8%B2%E0%B8%A2%E0%B8%AB%E0%B8%A5%E0%B8%87/,true
https://ipricethailand.com/lepin/%E0%B8%82%E0%B8%AD%E0%B8%87%E0%B9%80%E0%B8%A5%E0%B8%99/%E0%B8%81%E0%B8%88%E0%B8%81%E0%B8%A3%E0%B8%A3%E0%B8%A1%E0%B8%81%E0%B8%A5%E0%B8%B2%E0%B8%87%E0%B9%81%E0%B8%88%E0%B8%87/,true
https://ipricethailand.com/adidas/ultraboost/all-terrain/,true
https://ipricethailand.com/asd/,true
https://ipricethailand.com/banana-republic/%E0%B9%80%E0%B8%84%E0%B8%A3%E0%B8%AD%E0%B8%87%E0%B9%81%E0%B8%95%E0%B8%87%E0%B8%81%E0%B8%B2%E0%B8%A2/%E0%B8%8A%E0%B8%94%E0%B9%80%E0%B8%94%E0%B8%A3%E0%B8%AA/,true
https://ipricethailand.com/catrice/%E0%B9%80%E0%B8%84%E0%B8%A3%E0%B8%AD%E0%B8%87%E0%B8%AA%E0%B8%B3%E0%B8%AD%E0%B8%B2%E0%B8%87/%E0%B8%94%E0%B8%A7%E0%B8%87%E0%B8%95%E0%B8%B2/%E0%B8%A1%E0%B8%B2%E0%B8%AA%E0%B8%84%E0%B8%B2%E0%B8%A3%E0%B8%B2/,true
https://ipricethailand.com/crocs/duet/%E0%B8%A3%E0%B8%AD%E0%B8%87%E0%B9%80%E0%B8%97%E0%B8%B2/%E0%B8%A3%E0%B8%AD%E0%B8%87%E0%B9%80%E0%B8%97%E0%B8%B2%E0%B8%9C%E0%B8%B2%E0%B9%83%E0%B8%9A/,true
https://ipricethailand.com/deuter/%E0%B8%81%E0%B8%A3%E0%B8%B0%E0%B9%80%E0%B8%9B%E0%B8%B2/%E0%B8%84%E0%B8%B2%E0%B8%94%E0%B9%80%E0%B8%AD%E0%B8%A7/,true
https://ipricethailand.com/han/%E0%B8%A3%E0%B8%AD%E0%B8%87%E0%B9%80%E0%B8%97%E0%B8%B2/,true
https://ipricethailand.com/naraya/%E0%B9%80%E0%B8%84%E0%B8%A3%E0%B8%AD%E0%B8%87%E0%B9%81%E0%B8%95%E0%B8%87%E0%B8%81%E0%B8%B2%E0%B8%A2/,true
https://ipricethailand.com/nin-jiom/,true
https://ipricethailand.com/physicians-formula/%E0%B9%80%E0%B8%84%E0%B8%A3%E0%B8%AD%E0%B8%87%E0%B8%AA%E0%B8%B3%E0%B8%AD%E0%B8%B2%E0%B8%87/%E0%B8%94%E0%B8%A7%E0%B8%87%E0%B8%95%E0%B8%B2/%E0%B8%AD%E0%B8%B2%E0%B8%A2%E0%B9%84%E0%B8%A5%E0%B9%80%E0%B8%99%E0%B8%AD%E0%B8%A3/,true
https://ipricethailand.com/playboy/%E0%B8%A3%E0%B8%AD%E0%B8%87%E0%B9%80%E0%B8%97%E0%B8%B2/%E0%B8%81%E0%B8%AC%E0%B8%B2/,true
https://ipricethailand.com/reebok/%E0%B8%A3%E0%B8%AD%E0%B8%87%E0%B9%80%E0%B8%97%E0%B8%B2/%E0%B8%81%E0%B8%AC%E0%B8%B2/%E0%B9%80%E0%B8%97%E0%B8%99%E0%B8%99%E0%B8%AA/,true
https://ipricethailand.com/vespa/%E0%B8%81%E0%B8%A3%E0%B8%B0%E0%B9%80%E0%B8%9B%E0%B8%B2/%E0%B8%81%E0%B8%A3%E0%B8%B0%E0%B9%80%E0%B8%9B%E0%B8%B2%E0%B8%AA%E0%B8%B0%E0%B8%9E%E0%B8%B2%E0%B8%A2/%E0%B8%AA%E0%B8%B0%E0%B8%9E%E0%B8%B2%E0%B8%A2%E0%B9%84%E0%B8%AB%E0%B8%A5/,true
https://ipricethailand.com/yuzhaolin/%E0%B9%80%E0%B8%84%E0%B8%A3%E0%B8%AD%E0%B8%87%E0%B9%81%E0%B8%95%E0%B8%87%E0%B8%81%E0%B8%B2%E0%B8%A2/%E0%B8%81%E0%B8%B2%E0%B8%87%E0%B9%80%E0%B8%81%E0%B8%87/%E0%B8%A7%E0%B8%AD%E0%B8%A3%E0%B8%A1/,true
https://ipricethailand.com/adidas/ultraboost/all-terrain/,true
https://ipricethailand.com/columbia/%E0%B8%81%E0%B8%A3%E0%B8%B0%E0%B9%80%E0%B8%9B%E0%B8%B2/%E0%B8%81%E0%B8%A3%E0%B8%B0%E0%B9%80%E0%B8%9B%E0%B8%B2%E0%B8%AA%E0%B8%B0%E0%B8%9E%E0%B8%B2%E0%B8%A2/,true
https://ipricethailand.com/columbia/%E0%B9%80%E0%B8%84%E0%B8%A3%E0%B8%AD%E0%B8%87%E0%B9%81%E0%B8%95%E0%B8%87%E0%B8%81%E0%B8%B2%E0%B8%A2/%E0%B8%81%E0%B8%B2%E0%B8%87%E0%B9%80%E0%B8%81%E0%B8%87/%E0%B8%84%E0%B8%B2%E0%B8%A3%E0%B9%82%E0%B8%81/,true
https://ipricethailand.com/deuter/%E0%B8%81%E0%B8%A3%E0%B8%B0%E0%B9%80%E0%B8%9B%E0%B8%B2/%E0%B8%84%E0%B8%B2%E0%B8%94%E0%B9%80%E0%B8%AD%E0%B8%A7/,true
https://ipricethailand.com/dsquared2/%E0%B9%80%E0%B8%84%E0%B8%A3%E0%B8%AD%E0%B8%87%E0%B9%81%E0%B8%95%E0%B8%87%E0%B8%81%E0%B8%B2%E0%B8%A2/%E0%B8%9C%E0%B8%8A%E0%B8%B2%E0%B8%A2/%E0%B8%81%E0%B8%B2%E0%B8%87%E0%B9%80%E0%B8%81%E0%B8%87/%E0%B8%84%E0%B8%B2%E0%B8%A3%E0%B9%82%E0%B8%81/,true
https://ipricethailand.com/fj/,true
https://ipricethailand.com/herbal-essences/%E0%B8%9C%E0%B8%A5%E0%B8%95%E0%B8%A0%E0%B8%93%E0%B8%91%E0%B8%94%E0%B9%81%E0%B8%A5%E0%B9%80%E0%B8%AA%E0%B8%99%E0%B8%9C%E0%B8%A1/%E0%B8%97%E0%B8%A3%E0%B8%97%E0%B9%80%E0%B8%A1%E0%B8%99%E0%B8%97/,true
https://ipricethailand.com/loreal-professionnel/%E0%B9%80%E0%B8%84%E0%B8%A3%E0%B8%AD%E0%B8%87%E0%B8%AA%E0%B8%B3%E0%B8%AD%E0%B8%B2%E0%B8%87/,true
https://ipricethailand.com/mason-pearson/%E0%B8%9C%E0%B8%A5%E0%B8%95%E0%B8%A0%E0%B8%93%E0%B8%91%E0%B8%94%E0%B9%81%E0%B8%A5%E0%B9%80%E0%B8%AA%E0%B8%99%E0%B8%9C%E0%B8%A1/%E0%B8%88%E0%B8%94%E0%B9%81%E0%B8%95%E0%B8%87%E0%B8%97%E0%B8%A3%E0%B8%87%E0%B8%9C%E0%B8%A1/%E0%B8%AB%E0%B8%A7/,true
https://ipricethailand.com/nin-jiom/,true
https://ipricethailand.com/six-trees/%E0%B9%80%E0%B8%84%E0%B8%A3%E0%B8%AD%E0%B8%87%E0%B9%81%E0%B8%95%E0%B8%87%E0%B8%81%E0%B8%B2%E0%B8%A2/,true
https://ipricethailand.com/veblen/%E0%B8%A3%E0%B8%AD%E0%B8%87%E0%B9%80%E0%B8%97%E0%B8%B2/,true
https://ipricethailand.com/adidas/ultraboost/all-terrain/,true
https://ipricethailand.com/akatie/%E0%B8%A3%E0%B8%AD%E0%B8%87%E0%B9%80%E0%B8%97%E0%B8%B2/%E0%B8%AA%E0%B8%B3%E0%B8%AB%E0%B8%A3%E0%B8%9A%E0%B9%80%E0%B8%94%E0%B8%81/,true
https://ipricethailand.com/asd/,true
https://ipricethailand.com/banana-republic/%E0%B9%80%E0%B8%84%E0%B8%A3%E0%B8%AD%E0%B8%87%E0%B9%81%E0%B8%95%E0%B8%87%E0%B8%81%E0%B8%B2%E0%B8%A2/%E0%B8%8A%E0%B8%94%E0%B9%80%E0%B8%94%E0%B8%A3%E0%B8%AA/,true
https://ipricethailand.com/columbia/%E0%B8%81%E0%B8%A3%E0%B8%B0%E0%B9%80%E0%B8%9B%E0%B8%B2/%E0%B8%81%E0%B8%A3%E0%B8%B0%E0%B9%80%E0%B8%9B%E0%B8%B2%E0%B8%AA%E0%B8%B0%E0%B8%9E%E0%B8%B2%E0%B8%A2/,true
https://ipricethailand.com/columbia/%E0%B9%80%E0%B8%84%E0%B8%A3%E0%B8%AD%E0%B8%87%E0%B9%81%E0%B8%95%E0%B8%87%E0%B8%81%E0%B8%B2%E0%B8%A2/%E0%B8%81%E0%B8%B2%E0%B8%87%E0%B9%80%E0%B8%81%E0%B8%87/%E0%B8%84%E0%B8%B2%E0%B8%A3%E0%B9%82%E0%B8%81/,true
https://ipricethailand.com/deuter/%E0%B8%81%E0%B8%A3%E0%B8%B0%E0%B9%80%E0%B8%9B%E0%B8%B2/%E0%B8%84%E0%B8%B2%E0%B8%94%E0%B9%80%E0%B8%AD%E0%B8%A7/,true
https://ipricethailand.com/dsquared2/%E0%B9%80%E0%B8%84%E0%B8%A3%E0%B8%AD%E0%B8%87%E0%B9%81%E0%B8%95%E0%B8%87%E0%B8%81%E0%B8%B2%E0%B8%A2/%E0%B8%9C%E0%B8%8A%E0%B8%B2%E0%B8%A2/%E0%B8%81%E0%B8%B2%E0%B8%87%E0%B9%80%E0%B8%81%E0%B8%87/%E0%B8%84%E0%B8%B2%E0%B8%A3%E0%B9%82%E0%B8%81/,true
https://ipricethailand.com/eve/%E0%B8%9C%E0%B8%A5%E0%B8%95%E0%B8%A0%E0%B8%93%E0%B8%91%E0%B8%94%E0%B9%81%E0%B8%A5%E0%B8%9C%E0%B8%A7/%E0%B9%83%E0%B8%9A%E0%B8%AB%E0%B8%99%E0%B8%B2/,true
https://ipricethailand.com/fj/,true
https://ipricethailand.com/guy-laroche/%E0%B8%81%E0%B8%A3%E0%B8%B0%E0%B9%80%E0%B8%9B%E0%B8%B2/%E0%B8%81%E0%B8%A3%E0%B8%B0%E0%B9%80%E0%B8%9B%E0%B8%B2%E0%B8%AA%E0%B8%B0%E0%B8%9E%E0%B8%B2%E0%B8%A2/%E0%B8%AA%E0%B8%B0%E0%B8%9E%E0%B8%B2%E0%B8%A2%E0%B9%84%E0%B8%AB%E0%B8%A5/,true
https://ipricethailand.com/jarkeni/,true
https://ipricethailand.com/nin-jiom/,true
https://ipricethailand.com/playboy/%E0%B8%A3%E0%B8%AD%E0%B8%87%E0%B9%80%E0%B8%97%E0%B8%B2/%E0%B8%81%E0%B8%AC%E0%B8%B2/,true
https://ipricethailand.com/sanoflore/%E0%B8%9C%E0%B8%A5%E0%B8%95%E0%B8%A0%E0%B8%93%E0%B8%91%E0%B8%94%E0%B9%81%E0%B8%A5%E0%B8%9C%E0%B8%A7/,true
https://ipricethailand.com/tesco/%E0%B8%82%E0%B8%AD%E0%B8%87%E0%B8%95%E0%B8%81%E0%B9%81%E0%B8%95%E0%B8%87%E0%B8%9A%E0%B8%B2%E0%B8%99/,true
https://ipricethailand.com/tesco/%E0%B8%82%E0%B8%AD%E0%B8%87%E0%B9%80%E0%B8%A5%E0%B8%99/,true
https://ipricethailand.com/veblen/%E0%B8%A3%E0%B8%AD%E0%B8%87%E0%B9%80%E0%B8%97%E0%B8%B2/,true
https://ipricethailand.com/vespa/%E0%B8%81%E0%B8%A3%E0%B8%B0%E0%B9%80%E0%B8%9B%E0%B8%B2/%E0%B8%81%E0%B8%A3%E0%B8%B0%E0%B9%80%E0%B8%9B%E0%B8%B2%E0%B8%AA%E0%B8%B0%E0%B8%9E%E0%B8%B2%E0%B8%A2/%E0%B8%AA%E0%B8%B0%E0%B8%9E%E0%B8%B2%E0%B8%A2%E0%B9%84%E0%B8%AB%E0%B8%A5/,true
https://ipricethailand.com/yuzhaolin/%E0%B9%80%E0%B8%84%E0%B8%A3%E0%B8%AD%E0%B8%87%E0%B9%81%E0%B8%95%E0%B8%87%E0%B8%81%E0%B8%B2%E0%B8%A2/%E0%B8%81%E0%B8%B2%E0%B8%87%E0%B9%80%E0%B8%81%E0%B8%87/%E0%B8%A7%E0%B8%AD%E0%B8%A3%E0%B8%A1/,true
https://ipricethailand.com/akatie/%E0%B8%A3%E0%B8%AD%E0%B8%87%E0%B9%80%E0%B8%97%E0%B8%B2/%E0%B8%AA%E0%B8%B3%E0%B8%AB%E0%B8%A3%E0%B8%9A%E0%B9%80%E0%B8%94%E0%B8%81/,true
https://ipricethailand.com/asd/,true
https://ipricethailand.com/dsquared2/%E0%B9%80%E0%B8%84%E0%B8%A3%E0%B8%AD%E0%B8%87%E0%B9%81%E0%B8%95%E0%B8%87%E0%B8%81%E0%B8%B2%E0%B8%A2/%E0%B8%9C%E0%B8%8A%E0%B8%B2%E0%B8%A2/%E0%B8%81%E0%B8%B2%E0%B8%87%E0%B9%80%E0%B8%81%E0%B8%87/%E0%B8%84%E0%B8%B2%E0%B8%A3%E0%B9%82%E0%B8%81/,true
https://ipricethailand.com/fj/,true
https://ipricethailand.com/han/%E0%B8%A3%E0%B8%AD%E0%B8%87%E0%B9%80%E0%B8%97%E0%B8%B2/,true
https://ipricethailand.com/jarkeni/,true
https://ipricethailand.com/mason-pearson/%E0%B8%9C%E0%B8%A5%E0%B8%95%E0%B8%A0%E0%B8%93%E0%B8%91%E0%B8%94%E0%B9%81%E0%B8%A5%E0%B9%80%E0%B8%AA%E0%B8%99%E0%B8%9C%E0%B8%A1/%E0%B8%88%E0%B8%94%E0%B9%81%E0%B8%95%E0%B8%87%E0%B8%97%E0%B8%A3%E0%B8%87%E0%B8%9C%E0%B8%A1/%E0%B8%AB%E0%B8%A7/,true
https://ipricethailand.com/suncity/%E0%B8%AB%E0%B8%AD%E0%B8%87%E0%B8%84%E0%B8%A3%E0%B8%A7%E0%B9%81%E0%B8%A5%E0%B8%B0%E0%B8%AB%E0%B8%AD%E0%B8%87%E0%B8%A3%E0%B8%9A%E0%B8%9B%E0%B8%A3%E0%B8%B0%E0%B8%97%E0%B8%B2%E0%B8%99%E0%B8%AD%E0%B8%B2%E0%B8%AB%E0%B8%B2%E0%B8%A3/%E0%B8%AD%E0%B8%9B%E0%B8%81%E0%B8%A3%E0%B8%93%E0%B9%80%E0%B8%9A%E0%B9%80%E0%B8%81%E0%B8%AD%E0%B8%A3/%E0%B8%96%E0%B8%B2%E0%B8%94%E0%B8%AD%E0%B8%9A/,true
https://ipricethailand.com/tesco/%E0%B8%82%E0%B8%AD%E0%B8%87%E0%B9%80%E0%B8%A5%E0%B8%99/,true
https://ipricethailand.com/under-armour/%E0%B9%80%E0%B8%84%E0%B8%A3%E0%B8%AD%E0%B8%87%E0%B9%81%E0%B8%95%E0%B8%87%E0%B8%81%E0%B8%B2%E0%B8%A2/%E0%B8%9C%E0%B8%AB%E0%B8%8D%E0%B8%87/%E0%B8%8A%E0%B8%94%E0%B8%8A%E0%B8%99%E0%B9%83%E0%B8%99/,true
https://ipricethailand.com/veblen/%E0%B8%A3%E0%B8%AD%E0%B8%87%E0%B9%80%E0%B8%97%E0%B8%B2/,true
https://ipricethailand.com/eve/%E0%B8%9C%E0%B8%A5%E0%B8%95%E0%B8%A0%E0%B8%93%E0%B8%91%E0%B8%94%E0%B9%81%E0%B8%A5%E0%B8%9C%E0%B8%A7/%E0%B9%83%E0%B8%9A%E0%B8%AB%E0%B8%99%E0%B8%B2/,true
https://ipricethailand.com/adidas/ultraboost/all-terrain/,true
https://ipricethailand.com/dsquared2/%E0%B9%80%E0%B8%84%E0%B8%A3%E0%B8%AD%E0%B8%87%E0%B9%81%E0%B8%95%E0%B8%87%E0%B8%81%E0%B8%B2%E0%B8%A2/%E0%B8%9C%E0%B8%8A%E0%B8%B2%E0%B8%A2/%E0%B8%81%E0%B8%B2%E0%B8%87%E0%B9%80%E0%B8%81%E0%B8%87/%E0%B8%84%E0%B8%B2%E0%B8%A3%E0%B9%82%E0%B8%81/,true
https://ipricethailand.com/nin-jiom/,true
https://ipricethailand.com/sanoflore/%E0%B8%9C%E0%B8%A5%E0%B8%95%E0%B8%A0%E0%B8%93%E0%B8%91%E0%B8%94%E0%B9%81%E0%B8%A5%E0%B8%9C%E0%B8%A7/,true
https://ipricethailand.com/100/%E0%B8%9C%E0%B8%A5%E0%B8%95%E0%B8%A0%E0%B8%93%E0%B8%91%E0%B8%94%E0%B9%81%E0%B8%A5%E0%B9%80%E0%B8%AA%E0%B8%99%E0%B8%9C%E0%B8%A1/%E0%B9%80%E0%B8%9B%E0%B8%A5%E0%B8%A2%E0%B8%99%E0%B8%AA%E0%B8%9C%E0%B8%A1/,true
https://ipricethailand.com/3d/%E0%B8%AB%E0%B8%AD%E0%B8%87%E0%B8%99%E0%B8%B3/,true
https://ipricethailand.com/givenchy/%E0%B9%80%E0%B8%84%E0%B8%A3%E0%B8%AD%E0%B8%87%E0%B8%9B%E0%B8%A3%E0%B8%B0%E0%B8%94%E0%B8%9A/%E0%B8%9C%E0%B8%AB%E0%B8%8D%E0%B8%87/%E0%B8%AA%E0%B8%A3%E0%B8%AD%E0%B8%A2%E0%B8%82%E0%B8%AD%E0%B8%A1%E0%B8%AD/,true
https://ipricethailand.com/jamsi/,true
https://ipricethailand.com/la-colors/%E0%B9%80%E0%B8%84%E0%B8%A3%E0%B8%AD%E0%B8%87%E0%B8%AA%E0%B8%B3%E0%B8%AD%E0%B8%B2%E0%B8%87/%E0%B8%94%E0%B8%A7%E0%B8%87%E0%B8%95%E0%B8%B2/%E0%B8%AD%E0%B8%B2%E0%B8%A2%E0%B9%81%E0%B8%8A%E0%B9%82%E0%B8%94%E0%B8%A7/,true
https://ipricethailand.com/play-boy/%E0%B8%9C%E0%B8%A5%E0%B8%95%E0%B8%A0%E0%B8%93%E0%B8%91%E0%B8%AA%E0%B8%B3%E0%B8%AB%E0%B8%A3%E0%B8%9A%E0%B8%94%E0%B8%A7%E0%B8%87%E0%B8%95%E0%B8%B2/,true
https://ipricethailand.com/smartisan/,true
https://ipricethailand.com/tomcat/%E0%B8%81%E0%B8%A3%E0%B8%B0%E0%B9%80%E0%B8%9B%E0%B8%B2/,true
https://ipricethailand.com/desigual/%E0%B8%81%E0%B8%A3%E0%B8%B0%E0%B9%80%E0%B8%9B%E0%B8%B2/%E0%B8%81%E0%B8%A3%E0%B8%B0%E0%B9%80%E0%B8%9B%E0%B8%B2%E0%B8%AA%E0%B8%B0%E0%B8%9E%E0%B8%B2%E0%B8%A2/%E0%B9%83%E0%B8%AA%E0%B9%80%E0%B8%AD%E0%B8%81%E0%B8%AA%E0%B8%B2%E0%B8%A3/,true
https://ipricethailand.com/la-colors/%E0%B9%80%E0%B8%84%E0%B8%A3%E0%B8%AD%E0%B8%87%E0%B8%AA%E0%B8%B3%E0%B8%AD%E0%B8%B2%E0%B8%87/%E0%B8%94%E0%B8%A7%E0%B8%87%E0%B8%95%E0%B8%B2/%E0%B8%AD%E0%B8%B2%E0%B8%A2%E0%B9%81%E0%B8%8A%E0%B9%82%E0%B8%94%E0%B8%A7/,true
https://ipricethailand.com/skinfood/%E0%B8%9C%E0%B8%A5%E0%B8%95%E0%B8%A0%E0%B8%93%E0%B8%91%E0%B8%94%E0%B9%81%E0%B8%A5%E0%B8%9C%E0%B8%A7/%E0%B8%9C%E0%B8%AB%E0%B8%8D%E0%B8%87/%E0%B9%83%E0%B8%9A%E0%B8%AB%E0%B8%99%E0%B8%B2/,true
https://ipricethailand.com/smartisan/,true
https://ipricethailand.com/wonderful-power/%E0%B9%80%E0%B8%84%E0%B8%A3%E0%B8%AD%E0%B8%87%E0%B9%81%E0%B8%95%E0%B8%87%E0%B8%81%E0%B8%B2%E0%B8%A2/%E0%B8%81%E0%B8%B2%E0%B8%87%E0%B9%80%E0%B8%81%E0%B8%87%E0%B8%A2%E0%B8%99%E0%B8%AA/%E0%B8%A2%E0%B8%99%E0%B8%AA%E0%B8%82%E0%B8%B2%E0%B8%94/,true
https://ipricethailand.com/babylove/%E0%B8%AB%E0%B8%AD%E0%B8%87%E0%B8%99%E0%B8%AD%E0%B8%99/%E0%B8%97%E0%B8%99%E0%B8%AD%E0%B8%99/,true
https://ipricethailand.com/desigual/%E0%B8%81%E0%B8%A3%E0%B8%B0%E0%B9%80%E0%B8%9B%E0%B8%B2/%E0%B8%81%E0%B8%A3%E0%B8%B0%E0%B9%80%E0%B8%9B%E0%B8%B2%E0%B8%AA%E0%B8%B0%E0%B8%9E%E0%B8%B2%E0%B8%A2/%E0%B9%83%E0%B8%AA%E0%B9%80%E0%B8%AD%E0%B8%81%E0%B8%AA%E0%B8%B2%E0%B8%A3/,true
https://ipricethailand.com/giovanni-valentino/%E0%B8%81%E0%B8%A3%E0%B8%B0%E0%B9%80%E0%B8%9B%E0%B8%B2/,true
https://ipricethailand.com/jamsi/,true
https://ipricethailand.com/jockey/%E0%B9%80%E0%B8%84%E0%B8%A3%E0%B8%AD%E0%B8%87%E0%B9%81%E0%B8%95%E0%B8%87%E0%B8%81%E0%B8%B2%E0%B8%A2/%E0%B8%8A%E0%B8%94%E0%B8%8A%E0%B8%99%E0%B9%83%E0%B8%99/%E0%B9%80%E0%B8%AA%E0%B8%AD%E0%B8%8A%E0%B8%99%E0%B9%83%E0%B8%99/,true
https://ipricethailand.com/loake/,true
https://ipricethailand.com/nina-ricci/%E0%B9%80%E0%B8%84%E0%B8%A3%E0%B8%AD%E0%B8%87%E0%B9%81%E0%B8%95%E0%B8%87%E0%B8%81%E0%B8%B2%E0%B8%A2/%E0%B9%80%E0%B8%82%E0%B8%A1%E0%B8%82%E0%B8%94/,true
https://ipricethailand.com/petsafe/%E0%B8%AD%E0%B8%9B%E0%B8%81%E0%B8%A3%E0%B8%93%E0%B8%AA%E0%B8%B3%E0%B8%AB%E0%B8%A3%E0%B8%9A%E0%B8%AA%E0%B8%95%E0%B8%A7%E0%B9%80%E0%B8%A5%E0%B8%A2%E0%B8%87/%E0%B8%AA%E0%B8%99%E0%B8%82/%E0%B8%AA%E0%B8%B2%E0%B8%A2%E0%B8%88%E0%B8%87/,true
https://ipricethailand.com/skinfood/%E0%B8%9C%E0%B8%A5%E0%B8%95%E0%B8%A0%E0%B8%93%E0%B8%91%E0%B8%94%E0%B9%81%E0%B8%A5%E0%B8%9C%E0%B8%A7/%E0%B8%9C%E0%B8%AB%E0%B8%8D%E0%B8%87/%E0%B9%83%E0%B8%9A%E0%B8%AB%E0%B8%99%E0%B8%B2/,true
https://ipricethailand.com/smartisan/,true
https://ipricethailand.com/3d/%E0%B8%AB%E0%B8%AD%E0%B8%87%E0%B8%99%E0%B8%B3/,true
https://ipricethailand.com/giovanni-valentino/%E0%B8%81%E0%B8%A3%E0%B8%B0%E0%B9%80%E0%B8%9B%E0%B8%B2/,true
https://ipricethailand.com/la-colors/%E0%B9%80%E0%B8%84%E0%B8%A3%E0%B8%AD%E0%B8%87%E0%B8%AA%E0%B8%B3%E0%B8%AD%E0%B8%B2%E0%B8%87/%E0%B8%94%E0%B8%A7%E0%B8%87%E0%B8%95%E0%B8%B2/%E0%B8%AD%E0%B8%B2%E0%B8%A2%E0%B9%81%E0%B8%8A%E0%B9%82%E0%B8%94%E0%B8%A7/,true
https://ipricethailand.com/loake/,true
https://ipricethailand.com/nina-ricci/%E0%B9%80%E0%B8%84%E0%B8%A3%E0%B8%AD%E0%B8%87%E0%B9%81%E0%B8%95%E0%B8%87%E0%B8%81%E0%B8%B2%E0%B8%A2/%E0%B9%80%E0%B8%82%E0%B8%A1%E0%B8%82%E0%B8%94/,true
https://ipricethailand.com/smartisan/,true
https://ipricethailand.com/givenchy/%E0%B9%80%E0%B8%84%E0%B8%A3%E0%B8%AD%E0%B8%87%E0%B8%9B%E0%B8%A3%E0%B8%B0%E0%B8%94%E0%B8%9A/%E0%B8%9C%E0%B8%AB%E0%B8%8D%E0%B8%87/%E0%B8%AA%E0%B8%A3%E0%B8%AD%E0%B8%A2%E0%B8%82%E0%B8%AD%E0%B8%A1%E0%B8%AD/,true
https://ipricethailand.com/la-colors/%E0%B9%80%E0%B8%84%E0%B8%A3%E0%B8%AD%E0%B8%87%E0%B8%AA%E0%B8%B3%E0%B8%AD%E0%B8%B2%E0%B8%87/%E0%B8%94%E0%B8%A7%E0%B8%87%E0%B8%95%E0%B8%B2/%E0%B8%AD%E0%B8%B2%E0%B8%A2%E0%B9%81%E0%B8%8A%E0%B9%82%E0%B8%94%E0%B8%A7/,true
https://ipricethailand.com/loake/,true
https://ipricethailand.com/skinfood/%E0%B8%9C%E0%B8%A5%E0%B8%95%E0%B8%A0%E0%B8%93%E0%B8%91%E0%B8%94%E0%B9%81%E0%B8%A5%E0%B8%9C%E0%B8%A7/%E0%B8%9C%E0%B8%AB%E0%B8%8D%E0%B8%87/%E0%B9%83%E0%B8%9A%E0%B8%AB%E0%B8%99%E0%B8%B2/,true
https://ipricethailand.com/lffz/%E0%B8%A3%E0%B8%AD%E0%B8%87%E0%B9%80%E0%B8%97%E0%B8%B2/%E0%B8%A3%E0%B8%AD%E0%B8%87%E0%B9%80%E0%B8%97%E0%B8%B2%E0%B8%9C%E0%B8%B2%E0%B9%83%E0%B8%9A/,true
https://ipricethailand.com/rocktang/%E0%B9%80%E0%B8%84%E0%B8%A3%E0%B8%AD%E0%B8%87%E0%B9%81%E0%B8%95%E0%B8%87%E0%B8%81%E0%B8%B2%E0%B8%A2/%E0%B9%80%E0%B8%AA%E0%B8%AD%E0%B8%AE%E0%B8%94/,true
https://ipricethailand.com/aodray/%E0%B9%80%E0%B8%84%E0%B8%A3%E0%B8%AD%E0%B8%87%E0%B9%81%E0%B8%95%E0%B8%87%E0%B8%81%E0%B8%B2%E0%B8%A2/%E0%B8%AB%E0%B8%A1%E0%B8%A7%E0%B8%81/,true
https://ipricethailand.com/aodray/%E0%B9%80%E0%B8%84%E0%B8%A3%E0%B8%AD%E0%B8%87%E0%B9%81%E0%B8%95%E0%B8%87%E0%B8%81%E0%B8%B2%E0%B8%A2/%E0%B8%AB%E0%B8%A1%E0%B8%A7%E0%B8%81/,true
https://ipricethailand.com/connock-london/%E0%B8%99%E0%B8%B3%E0%B8%AB%E0%B8%AD%E0%B8%A1/,true
https://ipricethailand.com/agptek/%E0%B8%82%E0%B8%AD%E0%B8%87%E0%B8%95%E0%B8%81%E0%B9%81%E0%B8%95%E0%B8%87%E0%B8%9A%E0%B8%B2%E0%B8%99/%E0%B8%AD%E0%B8%99%E0%B9%86/%E0%B9%80%E0%B8%97%E0%B8%A2%E0%B8%99/,true
https://ipricethailand.com/gatorade/%E0%B8%9C%E0%B8%A5%E0%B8%95%E0%B8%A0%E0%B8%93%E0%B8%91%E0%B8%94%E0%B9%81%E0%B8%A5%E0%B9%80%E0%B8%AA%E0%B8%99%E0%B8%9C%E0%B8%A1/%E0%B8%88%E0%B8%94%E0%B9%81%E0%B8%95%E0%B8%87%E0%B8%97%E0%B8%A3%E0%B8%87%E0%B8%9C%E0%B8%A1/%E0%B8%AB%E0%B8%A7/,true
https://ipricethailand.com/360wish/%E0%B8%82%E0%B8%AD%E0%B8%87%E0%B9%80%E0%B8%A5%E0%B8%99/%E0%B8%81%E0%B8%88%E0%B8%81%E0%B8%A3%E0%B8%A3%E0%B8%A1%E0%B8%81%E0%B8%A5%E0%B8%B2%E0%B8%87%E0%B9%81%E0%B8%88%E0%B8%87/%E0%B8%AA%E0%B8%A3%E0%B8%B0%E0%B8%A7%E0%B8%B2%E0%B8%A2%E0%B8%99%E0%B8%B3/,true
https://ipricethailand.com/getek/%E0%B8%81%E0%B8%A3%E0%B8%B0%E0%B9%80%E0%B8%9B%E0%B8%B2/%E0%B8%AA%E0%B8%B3%E0%B8%AB%E0%B8%A3%E0%B8%9A%E0%B9%80%E0%B8%94%E0%B8%99%E0%B8%97%E0%B8%B2%E0%B8%87/%E0%B9%83%E0%B8%AA%E0%B8%AD%E0%B8%9B%E0%B8%81%E0%B8%A3%E0%B8%93%E0%B8%AD%E0%B8%B2%E0%B8%9A%E0%B8%99%E0%B8%B3/,true
https://ipricethailand.com/alcatel/%E0%B9%82%E0%B8%97%E0%B8%A3%E0%B8%A8%E0%B8%9E%E0%B8%97%E0%B9%81%E0%B8%A5%E0%B8%B0%E0%B9%81%E0%B8%97%E0%B8%9A%E0%B9%80%E0%B8%A5%E0%B8%95/smartwatch/,true
https://ipricethailand.com/alcatel/%E0%B9%82%E0%B8%97%E0%B8%A3%E0%B8%A8%E0%B8%9E%E0%B8%97%E0%B9%81%E0%B8%A5%E0%B8%B0%E0%B9%81%E0%B8%97%E0%B8%9A%E0%B9%80%E0%B8%A5%E0%B8%95/smartwatch/,true
https://ipricethailand.com/decleor%C2%A0/,true
https://ipricethailand.com/paige/%E0%B9%80%E0%B8%84%E0%B8%A3%E0%B8%AD%E0%B8%87%E0%B9%81%E0%B8%95%E0%B8%87%E0%B8%81%E0%B8%B2%E0%B8%A2/%E0%B8%9C%E0%B8%AB%E0%B8%8D%E0%B8%87/%E0%B8%8A%E0%B8%94%E0%B9%80%E0%B8%94%E0%B8%A3%E0%B8%AA/,true
https://ipricethailand.com/klavuu/%E0%B9%80%E0%B8%84%E0%B8%A3%E0%B8%AD%E0%B8%87%E0%B8%AA%E0%B8%B3%E0%B8%AD%E0%B8%B2%E0%B8%87/%E0%B8%A5%E0%B8%9B/,true
https://ipricethailand.com/klavuu/%E0%B9%80%E0%B8%84%E0%B8%A3%E0%B8%AD%E0%B8%87%E0%B8%AA%E0%B8%B3%E0%B8%AD%E0%B8%B2%E0%B8%87/%E0%B8%A5%E0%B8%9B/,true
https://ipricethailand.com/sennheiser/mb/%E0%B9%80%E0%B8%84%E0%B8%A3%E0%B8%AD%E0%B8%87%E0%B9%80%E0%B8%AA%E0%B8%A2%E0%B8%87%E0%B9%81%E0%B8%A5%E0%B8%B0-hi-fi/,true
https://ipricethailand.com/razer/goliathus/%E0%B8%AD%E0%B8%9B%E0%B8%81%E0%B8%A3%E0%B8%93%E0%B8%84%E0%B8%AD%E0%B8%A1%E0%B8%9E%E0%B8%A7%E0%B9%80%E0%B8%95%E0%B8%AD%E0%B8%A3/%E0%B8%AD%E0%B8%9B%E0%B8%81%E0%B8%A3%E0%B8%93%E0%B9%80%E0%B8%AA%E0%B8%A3%E0%B8%A1/%E0%B9%80%E0%B8%A1%E0%B8%B2%E0%B8%AA/,true
https://ipricethailand.com/razer/goliathus/%E0%B8%AD%E0%B8%9B%E0%B8%81%E0%B8%A3%E0%B8%93%E0%B8%84%E0%B8%AD%E0%B8%A1%E0%B8%9E%E0%B8%A7%E0%B9%80%E0%B8%95%E0%B8%AD%E0%B8%A3/%E0%B8%AD%E0%B8%9B%E0%B8%81%E0%B8%A3%E0%B8%93%E0%B9%80%E0%B8%AA%E0%B8%A3%E0%B8%A1/%E0%B9%80%E0%B8%A1%E0%B8%B2%E0%B8%AA/,true
https://ipricethailand.com/kenneth-cole/%E0%B8%A3%E0%B8%AD%E0%B8%87%E0%B9%80%E0%B8%97%E0%B8%B2/%E0%B9%81%E0%B8%9A%E0%B8%9A%E0%B8%AA%E0%B8%A7%E0%B8%A1/,true
https://ipricethailand.com/ovs/%E0%B9%80%E0%B8%84%E0%B8%A3%E0%B8%AD%E0%B8%87%E0%B9%81%E0%B8%95%E0%B8%87%E0%B8%81%E0%B8%B2%E0%B8%A2/%E0%B8%81%E0%B8%B2%E0%B8%87%E0%B9%80%E0%B8%81%E0%B8%87/%E0%B8%82%E0%B8%B2%E0%B8%A2%E0%B8%B2%E0%B8%A7/,true
https://ipricethailand.com/yescool/%E0%B9%80%E0%B8%84%E0%B8%A3%E0%B8%AD%E0%B8%87%E0%B9%80%E0%B8%AA%E0%B8%A2%E0%B8%87%E0%B9%81%E0%B8%A5%E0%B8%B0-hi-fi/%E0%B9%80%E0%B8%84%E0%B8%A3%E0%B8%AD%E0%B8%87%E0%B9%80%E0%B8%A5%E0%B8%99-mp3/,true
https://ipricethailand.com/razer/nabu/%E0%B9%82%E0%B8%97%E0%B8%A3%E0%B8%A8%E0%B8%9E%E0%B8%97%E0%B9%81%E0%B8%A5%E0%B8%B0%E0%B9%81%E0%B8%97%E0%B8%9A%E0%B9%80%E0%B8%A5%E0%B8%95/smartwatch/,true
https://ipricethailand.com/nintendo/%E0%B9%80%E0%B8%84%E0%B8%A3%E0%B8%AD%E0%B8%87%E0%B9%80%E0%B8%A5%E0%B8%99%E0%B9%80%E0%B8%81%E0%B8%A1%E0%B8%AA/%E0%B8%9C%E0%B8%8A%E0%B8%B2%E0%B8%A2/,true
https://ipricethailand.com/nintendo/%E0%B9%80%E0%B8%84%E0%B8%A3%E0%B8%AD%E0%B8%87%E0%B9%80%E0%B8%A5%E0%B8%99%E0%B9%80%E0%B8%81%E0%B8%A1%E0%B8%AA/%E0%B8%9C%E0%B8%8A%E0%B8%B2%E0%B8%A2/,true
https://ipricethailand.com/nyx/?page=2,true
https://ipricethailand.com/nyx/?page=2,true
https://ipricethailand.com/nyx/?page=2,true
https://ipricethailand.com/nyx/?page=2,true
https://ipricethailand.com/nyx/?page=2,true
https://ipricethailand.com/nyx/?page=2,true
https://ipricethailand.com/nyx/?page=2,true
https://ipricethailand.com/pxn/%E0%B9%80%E0%B8%84%E0%B8%A3%E0%B8%AD%E0%B8%87%E0%B9%80%E0%B8%A5%E0%B8%99%E0%B9%80%E0%B8%81%E0%B8%A1%E0%B8%AA/%E0%B8%AD%E0%B8%9B%E0%B8%81%E0%B8%A3%E0%B8%93%E0%B9%80%E0%B8%AA%E0%B8%A3%E0%B8%A1/,true
https://ipricethailand.com/lazada/%E0%B8%AD%E0%B8%9B%E0%B8%81%E0%B8%A3%E0%B8%93%E0%B8%AA%E0%B8%B3%E0%B8%AB%E0%B8%A3%E0%B8%9A%E0%B8%AA%E0%B8%95%E0%B8%A7%E0%B9%80%E0%B8%A5%E0%B8%A2%E0%B8%87/%E0%B8%AA%E0%B8%99%E0%B8%82/,true
https://ipricethailand.com/bourjois/rouge-edition/%E0%B9%80%E0%B8%84%E0%B8%A3%E0%B8%AD%E0%B8%87%E0%B8%AA%E0%B8%B3%E0%B8%AD%E0%B8%B2%E0%B8%87/%E0%B8%9C%E0%B8%AB%E0%B8%8D%E0%B8%87/,true
https://ipricethailand.com/bourjois/rouge-edition/%E0%B9%80%E0%B8%84%E0%B8%A3%E0%B8%AD%E0%B8%87%E0%B8%AA%E0%B8%B3%E0%B8%AD%E0%B8%B2%E0%B8%87/%E0%B8%9C%E0%B8%AB%E0%B8%8D%E0%B8%87/,true
https://ipricethailand.com/bourjois/rouge-edition/%E0%B9%80%E0%B8%84%E0%B8%A3%E0%B8%AD%E0%B8%87%E0%B8%AA%E0%B8%B3%E0%B8%AD%E0%B8%B2%E0%B8%87/%E0%B8%9C%E0%B8%AB%E0%B8%8D%E0%B8%87/,true