Lazada Voucher	https://a.ipricegroup.com/store/lazada-my.jpg
Zalora Promo Code	https://a.ipricegroup.com/store/zalora-my.jpg
Shopee Promo Code	https://a.ipricegroup.com/store/shopee-my.jpg
11street Coupon	https://a.ipricegroup.com/store/11street-my.jpg
KKday Promo Code	https://a.ipricegroup.com/store/kkday-my.jpg
Klook Promo Code	https://a.ipricegroup.com/store/klook-my.jpg
Malaysia Airlines Promotion	https://a.ipricegroup.com/store/malaysia.jpg
GrabFood Promo Code	https://a.ipricegroup.com/store/grabfood-my.jpg
Expedia Promo Code	https://a.ipricegroup.com/store/expedia-my.jpg
Agoda Promo Code	https://a.ipricegroup.com/store/agoda-my.jpg
Fave Promo Code	https://a.ipricegroup.com/store/fave-my.jpg
Traveloka Coupon	https://a.ipricegroup.com/store/traveloka-my.jpg
SOCAR	https://a.ipricegroup.com/store/socar-my.jpg
Oyo Coupon Code	https://a.ipricegroup.com/store/oyo-my.jpg
Farfetch	https://a.ipricegroup.com/store/farfetch-my.jpg
FashionValet Discount Code	