OPPO A37	https://p.ipricegroup.com/uploaded_fa7eccb676e7d8115d5cd5d7cfa81521.jpg
Asus ROG Phone	https://p.ipricegroup.com/uploaded_8ca266c50dd03de67805d1835a6b2f68.jpg
Huawei Mate 20 Pro	https://p.ipricegroup.com/uploaded_db5a90abe01436b33936e7613b544c68.jpg
Vivo Y81	https://p.ipricegroup.com/uploaded_1be5391f1aebcc608201c7ca28de4dcb.jpg
OPPO A3s	https://p.ipricegroup.com/uploaded_5e3155c5c7c078f86853cb104a7f7f3e.jpg
OPPO F5	https://p.ipricegroup.com/uploaded_aa1c62a8426509d20f2b3e0c11704f93.jpg
vivo V5	https://p.ipricegroup.com/uploaded_5f8caf5be2e1c0ec9bc92c067eda0276.jpg
vivo V7	https://p.ipricegroup.com/uploaded_7ee689a143e32dfc28cbebba6c524ef3.jpg
Samsung Galaxy A7	https://p.ipricegroup.com/uploaded_205540235693e153b09f821826e47dc3.jpg
Samsung Galaxy J4 (2018)	https://p.ipricegroup.com/uploaded_a6f155028e14bf9630b20fb0949399cd.jpg
Huawei Mate 20 Lite	https://p.ipricegroup.com/uploaded_3b3e709cf1a698b8eb4051b880df4a11.jpg
Apple iPhone 7	https://p.ipricegroup.com/uploaded_dea2a1a61d2e16e71fd0ef988a900d67.jpg
OnePlus 6	https://p.ipricegroup.com/uploaded_e56a154d9b20c198b1f6d40f9b5e09f2.jpg
Vivo Y81 Black	https://p.ipricegroup.com/uploaded_0f5529999a8b7a7548b9d1e2fcba003d.jpg
OPPO A77	https://p.ipricegroup.com/uploaded_ed4d5f29655c55c88f5936c0c16d2293.jpg
Oppo Realme 2	https://p.ipricegroup.com/4f08a1197cab6f86fe27c7152f8d4d884f477141_0.jpg
Samsung Galaxy J2 Prime	https://p.ipricegroup.com/uploaded_e858ab25c93e1e4905b121d938eb317b.jpg
Huawei Nova 3e	https://p.ipricegroup.com/uploaded_a21589dba490c8fb6835d36de5995fd8.jpg
Xiaomi Redmi Note 5 AI	https://p.ipricegroup.com/uploaded_ee3f92c4170c877a310c43801d57ebd6.jpg
Xiaomi Black Shark	https://p.ipricegroup.com/uploaded_2b7df7ca8433125e53f33257ae8debd2.jpg