โทรศัพท์	https://p.ipricegroup.com/uploaded_5e3155c5c7c078f86853cb104a7f7f3e.jpg
โน๊ตบุ๊ค	https://p.ipricegroup.com/uploaded_2ab41ef24d653521c5342fbc0dc4c46d.jpg
OPPO โทรศัพท์	https://p.ipricegroup.com/uploaded_5e3155c5c7c078f86853cb104a7f7f3e.jpg
Chilindo	https://a.ipricegroup.com/store/chilindo-th.jpg
รองเท้าผ้าใบ	https://p.ipricegroup.com/baf2d4317ecb7a9e53d5c083540b154392af9b72_0.jpg
The Pizza Company	https://a.ipricegroup.com/store/the-pizza-company-th.jpg
Samsung โทรศัพท์	https://p.ipricegroup.com/uploaded_6c0af9c90e5614e45e9690143cc99fab.jpg
โทรศัพท์	https://p.ipricegroup.com/uploaded_5e3155c5c7c078f86853cb104a7f7f3e.jpg
ผู้หญิง ผู้หญิง	https://p.ipricegroup.com/64c1b91538fda237db77bae1dabad28711ae0b2e_0.jpg
ไมโครโฟน	https://p.ipricegroup.com/25913487_0.jpg
บุหรี่ไฟฟ้า	https://p.ipricegroup.com/858ee9e2eac60d866633d2e3ed9d4b82da06d616_0.jpg
ตู้เย็น	https://p.ipricegroup.com/f06519abce36f8613021a5a8d03d10287878aa28_0.jpg
ชุดไทย	https://p.ipricegroup.com/46d6e9c9894e26dbe84c4210020ee1f33f3aa6f9_0.jpg
ชั้นวางของ	https://p.ipricegroup.com/8520dc17bfa05019e69aef95fb5169ce23050fa5_0.jpg
โทรศัพท์	https://p.ipricegroup.com/uploaded_5e3155c5c7c078f86853cb104a7f7f3e.jpg
ฟุตบอลและฟุตซอล	https://p.ipricegroup.com/0786761be2a1b374a80b1295f6429075a973ae83_0.jpg
Coach กระเป๋า	https://p.ipricegroup.com/0776f784cf68a51727ca1f9f007bf2d0c4f38734_0.jpg
คอมพิวเตอร์ตั้งโต๊ะ	https://p.ipricegroup.com/uploaded_31591949efe80d884dd09533a084d7e8.jpg
ลำโพง Bluetooth	https://p.ipricegroup.com/uploaded_e692539128bb92540d9e868213e61d74.jpg
ราคายางรถยนต์ที่ถูกที่สุด	https://p.ipricegroup.com/569e1d6738bbaf12d1b0f900ccbf80ea765b4a51_0.jpg