Nature Republic Aloe Vera 92% Soothing Gel	₱ 80.00	6	https://p.ipricegroup.com/uploaded_d18d940e3220b4b2d05b7449c2eacf8e.jpg
Maybelline Superstay 24hr Foundation	₱ 603.00	3	https://p.ipricegroup.com/39d28eed864aaeaa7b9de8cf86a174f6ea84a8f9_0.jpg
REVLON ColorBurst Matte Balm	₱ 536.00	4	https://p.ipricegroup.com/uploaded_5ce1cae3e0055a805a9550a97e5e7609.jpg
Etude House Precious Mineral BB Cream Blooming Fit	₱ 210.00	2	https://p.ipricegroup.com/uploaded_46c732f665bd8a7b2c7220128cb5bd5d.jpg
M.A.C Matte Lipstick	₱ 999.00	2	https://p.ipricegroup.com/uploaded_b74672cbcfc7107400ee9e06e2b781f3.jpg
Maybelline Fit Me Foundation Matte Poreless	₱ 399.00	4	https://p.ipricegroup.com/uploaded_e8dddad35747641d0a61e4b2e37d7e0f.jpg
Revlon Ultra HD Matte Lipcolour	₱ 603.00	4	https://p.ipricegroup.com/uploaded_a567fbd6690d7eaa9a4dd5d60874050c.jpg
Versace Bright Crystal Absolu	₱ 500.00	9	https://p.ipricegroup.com/343bfb11e7d0e9c019ec01354cd9310408f40826_0.jpg
LANEIGE Water Sleeping Mask	₱ 130.00	4	https://p.ipricegroup.com/uploaded_ce9a80bbc9c4fbca299292e483ca7ca8.jpg
The Face Shop Jeju Aloe 99%	₱ 230.00	1	https://p.ipricegroup.com/9241b4fc65796ba250a4f3ff6ae5874cc34dd6eb_0.jpg
BVLGARI Extreme 100ml	₱ 200.00	1	https://p.ipricegroup.com/uploaded_071180c45b8e93e89d4e62d61005782c.jpg
NYX Soft Matte Lip Cream	₱ 293.00	4	https://p.ipricegroup.com/uploaded_dfbacc456b11b4689a0887c8a1f79a71.jpg
Kiehl's Midnight Recovery Concentrate	₱ 2,710.00	2	https://p.ipricegroup.com/7dc03ce0c38ace05d84b22a74ec0a658863db2a1_0.jpg
LANEIGE BB Cushion Pore Control	₱ 1,119.00	3	https://p.ipricegroup.com/uploaded_e1e25484bddd30e5f13f5dff56bd179a.jpg
Philips Lumea Prestige IPL	₱ 23,488.00	3	https://p.ipricegroup.com/uploaded_c60a84b42b6e857a7e0d5a7b5e13c3d4.jpg
The Face Shop Herb Day 365 Cleansing Foam Aloe	₱ 299.00	1	https://p.ipricegroup.com/c7d69d973660d8463567d3486fadecfb1d279651_0.jpg
Etude House Tint My Brows Gel	₱ 172.00	4	https://p.ipricegroup.com/uploaded_8b5ff70fc4af7406c720fd0542a09e54.jpg
Maybelline Dream Matte Mousse	₱ 536.00	1	https://p.ipricegroup.com/44adc516aa0dce91ef8908f589893f1638096ed5_0.jpg
The Face Shop Herb Day 365 Cleansing Foam Acerola	₱ 290.00	1	https://p.ipricegroup.com/eb4328d2a1a2abaaa3f9f823356a928531b46ef8_0.jpg
The Face Shop Oil Control Water Cushion	₱ 656.00	3	https://p.ipricegroup.com/de8faaedd05fb169ba20077df2aec3c6a23383cc_0.jpg