Sephora	https://a.ipricegroup.com/brand/sephora.jpg
Charles & Keith	https://a.ipricegroup.com/brand/charles-keith.jpg
adidas	https://a.ipricegroup.com/media/Zach__2_/adidas.png
Uniqlo	https://a.ipricegroup.com/brand/uniqlo.jpg
Nike	https://a.ipricegroup.com/brand/nike.jpg
Vincci	https://a.ipricegroup.com/media/Zach__2_/vincci.png
BONIA	https://a.ipricegroup.com/brand/bonia.jpg
Longchamp	https://a.ipricegroup.com/brand/longchamp.jpg
FILA	https://a.ipricegroup.com/brand/fila.jpg
H&M	https://a.ipricegroup.com/brand/h-m.jpg
spao	https://a.ipricegroup.com/brand/spao.jpg
Coach	https://a.ipricegroup.com/brand/coach.jpg
Carlo Rino	https://a.ipricegroup.com/brand/carlo-rino.jpg
The Body Shop	https://a.ipricegroup.com/brand/the-body-shop.jpg
Zara	https://a.ipricegroup.com/brand/zara.jpg
Victoriaâ€™s Secret	https://a.ipricegroup.com/brand/victorias-secret.jpg
Swatch	https://a.ipricegroup.com/brand/swatch.jpg
G2000	https://a.ipricegroup.com/brand/g2000.jpg
Barry Smith	https://a.ipricegroup.com/brand/barry-smith.jpg
Fossil	https://a.ipricegroup.com/media/Zach__2_/fossil.png