Huawei	Mobile Phones	https://p.ipricegroup.com/uploaded_a0588a7277868badb3600f3ef8c3a2ff.jpg
Samsung	Mobile Phones	https://p.ipricegroup.com/uploaded_205540235693e153b09f821826e47dc3.jpg
ASUS	Mobile Phones	https://p.ipricegroup.com/uploaded_4d01eeabe8e744e837f7f22537dc73b5.jpg
Toshiba	Washing Machines	https://p.ipricegroup.com/ed6347eb1e84c982c5dce10b5463eb2f6cd4d729_0.jpg
Toshiba	Refrigerators	https://p.ipricegroup.com/uploaded_f270c911d662851d6678048b8033d585.jpg
KDK	Fans	https://p.ipricegroup.com/e196fddd02a200110066193b12f99573cc263f70_0.jpg
Canon	Camera & Photo	https://p.ipricegroup.com/a937ce3dfcf660ff17443af17b16d74ce74af5e0_0.jpg
Xiaomi	Mobile Phones	https://p.ipricegroup.com/uploaded_e553892afe433bccd0c1e8a67d7444a0.jpg
Dyson	Vacuum Cleaners	https://p.ipricegroup.com/aced84b09a398c777b2fd11cb938bc064f8ba95c_0.jpg
Daikin	Air Conditioners	https://p.ipricegroup.com/34521391_0.jpg
Canon	Printers	https://p.ipricegroup.com/uploaded_d4ac38951e996c1c102f19b342c5544b.jpg
Sharp	Refrigerators	https://p.ipricegroup.com/3edea9cf003cc38c8a0a334f98e647a7655bb768_0.jpg
Panasonic	Fans	https://p.ipricegroup.com/e9b8ba20c23aeed218c4ffcbc71964672c18acbf_0.jpg
York	Air Conditioners	https://p.ipricegroup.com/35630778_0.jpg
Sharp	Washing Machines	https://p.ipricegroup.com/e696ab8f95e150dc6b4710b8e7fa2caf2ac5334e_0.jpg
Brother	Printers	https://p.ipricegroup.com/uploaded_46b7feeb8cda92d4a78e8c677482afbd.jpg
Samsung	Smartwatches	https://p.ipricegroup.com/uploaded_f83c4abde5c69c6e6f477ff1f8f7a05f.jpg
Panasonic	Refrigerators	https://p.ipricegroup.com/uploaded_fe142e66cb3e45d78033cad8832a0802.jpg
Vivo	Mobile Phones	https://p.ipricegroup.com/uploaded_084310ff7b6e8b27be1ab02acbeea6d1.jpg