CHANEL	น้ำหอม	https://p.ipricegroup.com/37ac6b8e540733dace1f59df4e51c51c99c9c707_0.jpg
Dior	น้ำหอม	https://p.ipricegroup.com/7ea084e854f52c7227f73ca64b8cca41d1ba44fc_0.jpg
Gucci	น้ำหอม	https://p.ipricegroup.com/2a0f170602c2213c33902c0bda9e14cb1ebb3e32_0.jpg
Oriental Princess	น้ำหอม	https://p.ipricegroup.com/e43bb0b232755ec33e202e7e20d33124f183ecd8_0.jpg
Burberry	น้ำหอม	https://p.ipricegroup.com/117d7dae7dde48563a8a803e521ce513874d814a_0.jpg
BVLGARI	น้ำหอม	https://p.ipricegroup.com/e4220c4587e569e8cd700170043e3a53a4a8e2fa_0.jpg
Versace	น้ำหอม	https://p.ipricegroup.com/3a43aa0441a9f9044573e0e402d1609bdf583f73_0.jpg
Jo Malone	น้ำหอม	https://p.ipricegroup.com/6ca889cdb8b720e97b666312e74c801613b44dfd_0.jpg
DKNY	น้ำหอม	https://p.ipricegroup.com/be5efd09e715bc82c5bb3bbfcb73a87b0f4c7cdd_0.jpg
M.A.C	ลิปสติก	https://p.ipricegroup.com/171eecad637cb96a2b7a404adc5321558a594ba6_0.jpg
Victoria's Secret	น้ำหอม	https://p.ipricegroup.com/4861ef3a94b35719e8d3cc9cb793d451d0ddc414_0.jpg
Oriental Princess	ลิป	https://p.ipricegroup.com/30dea16ec312b7c29981b4a46b3084021d2f2d07_0.jpg
Meiji	คอลลาเจน	https://p.ipricegroup.com/8da5b2f71137e7184ac155f5df4afbfb77537d1e_0.jpg
Dolce & Gabbana	น้ำหอม	https://p.ipricegroup.com/dbcc089f837c7f5f0a4d70f5a0c0236c2a9e1bdd_0.jpg
Bioaqua	เซรั่มบํารุงผิวหน้า	https://p.ipricegroup.com/3fddb92565ee17ed83f931a6c6887654220f5aac_0.jpg
Aura me	แป้งพัฟ	https://p.ipricegroup.com/7af3ba3a6c6cba7e44d8b3224069b50b1a276754_0.jpg
3CE	ลิปสติก	https://p.ipricegroup.com/eb1e70a455356839d8412d8031f76840b69e84ae_0.jpg
ISSEY MIYAKE	น้ำหอม	https://p.ipricegroup.com/e11d44637f9626fefb2b546c2c438a209dd1ed39_0.jpg
The Ordinary	เซรั่มบํารุงผิวหน้า	https://p.ipricegroup.com/dc0d82d573fb5109ba26cbfb16c96420b07f4134_0.jpg
Chloé	น้ำหอม	https://p.ipricegroup.com/628c9b6ac24ad62c132bd8503e1c5eb1ee59a684_0.jpg