Apple	https://a.ipricegroup.com/media/apple_2.png
Xiaomi	https://a.ipricegroup.com/brand/xiaomi.jpg
Huawei	https://a.ipricegroup.com/media/huawei.png
Vivo	https://a.ipricegroup.com/brand/vivo.jpg
KDK	https://a.ipricegroup.com/brand/kdk.jpg
OPPO	https://a.ipricegroup.com/brand/oppo.jpg
Samsung	https://a.ipricegroup.com/brand/samsung.jpg
ASUS	https://a.ipricegroup.com/media/asus_2.png
Dell	https://a.ipricegroup.com/media/dell.png
Canon	https://a.ipricegroup.com/brand/canon.jpg
Lenovo	https://a.ipricegroup.com/media/lenovos.png
HP	https://a.ipricegroup.com/brand/hp.jpg
GARMIN	https://a.ipricegroup.com/brand/garmin.jpg
Nokia	https://a.ipricegroup.com/brand/nokia.jpg
SINGER	https://a.ipricegroup.com/brand/singer.jpg
Acson	https://a.ipricegroup.com/brand/acson.jpg
Dyson	https://a.ipricegroup.com/brand/dyson.jpg
Acer	https://a.ipricegroup.com/media/acer.png
Epson	https://a.ipricegroup.com/brand/epson.jpg
Suunto	https://a.ipricegroup.com/brand/suunto.jpg
DJI	https://a.ipricegroup.com/brand/dji.jpg